Row Labels,Acute Viral Hepatitis A,Acute Viral hepatitis B,Acute Viral hepatitis C,Acute Viral Hepatitis E,Avian Influenza,Botulism,Campylobacter enteritis,Campylobacterenterosis,Chikungunya,Chikungunya Fever,Cholera,Dengue Fever,Dengue Haemorrhagic Fever,Diphtheria,Ebola Virus Disease,Encephalitis,Haemophilus influenzae type b,"Hand, Foot Mouth Disease",HFMD,Japanese Encephalitis,Legionellosis,Leptospirosis,Malaria,Measles,Melioidosis,Meningococcal Infection,Mumps,Murine Typhus,Nipah,Nipah virus infection,Paratyphoid,Pertussis,Plague,Pneumococcal Disease (invasive),Poliomyelitis,Rubella,Salmonellosis(non-enteric fevers),SARS,Tetanus,Typhoid,Viral Hepatitis A,Viral Hepatitis E,Yellow Fever,Zika,Zika Virus Infection,Grand Total
2012-W01,,,0,,0,,,6,,0,0,74,0,0,,0,0,326,,,0,,1,2,0,0,11,,,0,1,2,0,3,0,1,26,0,,6,1,3,0,,,463
2012-W02,,0,0,,0,,,7,,1,0,64,2,0,,0,0,346,,,0,,2,1,1,0,10,,,0,1,0,0,3,0,2,24,0,,3,2,0,0,,,469
2012-W03,,0,0,,0,,,9,,1,0,60,1,0,,3,0,463,,,0,,2,2,1,0,15,,,0,1,5,0,3,0,4,21,0,,5,3,0,0,,,599
2012-W04,,1,0,,0,,,8,,0,0,50,2,0,,1,0,372,,,1,,3,0,1,0,8,,,0,1,0,0,2,0,2,12,0,,1,3,2,0,,,470
2012-W05,,1,0,,0,,,8,,0,0,84,1,0,,0,0,444,,,0,,1,2,0,0,12,,,0,3,1,0,5,0,0,37,0,,5,2,0,0,,,606
2012-W06,,1,0,,0,,,5,,0,0,87,0,0,,2,0,683,,,1,,2,4,1,0,12,,,0,2,0,0,4,0,2,40,0,,0,0,4,0,,,850
2012-W07,,0,0,,0,,,8,,0,0,65,0,0,,0,0,810,,,0,,1,1,0,0,12,,,0,1,0,0,3,0,4,29,0,,2,0,2,0,,,938
2012-W08,,0,0,,0,,,8,,1,0,50,1,0,,0,0,989,,,0,,0,2,1,0,18,,,0,4,0,0,3,0,0,12,0,,3,0,3,0,,,1095
2012-W09,,2,0,,0,,,6,,1,0,55,0,0,,0,0,1115,,,1,,0,1,1,0,10,,,0,4,3,0,2,0,2,27,0,,1,2,0,0,,,1233
2012-W10,,3,1,,0,,,12,,2,0,45,1,0,,1,0,1139,,,1,,4,0,0,0,16,,,0,2,0,0,9,0,0,28,0,,1,2,3,0,,,1270
2012-W11,,0,0,,0,,,10,,0,0,64,0,0,,1,0,1011,,,1,,2,1,1,0,8,,,0,2,0,0,2,0,1,36,0,,1,1,2,0,,,1144
2012-W12,,1,0,,0,,,5,,0,0,72,1,0,,2,0,1018,,,1,,2,1,0,0,11,,,0,1,3,0,3,0,0,26,0,,1,0,2,0,,,1150
2012-W13,,2,0,,0,,,14,,0,0,48,0,0,,0,0,1017,,,2,,4,0,0,0,15,,,0,0,1,0,0,0,2,27,0,,2,1,2,0,,,1137
2012-W14,,0,0,,0,,,2,,0,0,52,0,0,,0,0,952,,,0,,2,0,0,0,6,,,0,0,1,0,1,0,2,27,0,,1,0,2,0,,,1048
2012-W15,,0,0,,0,,,12,,1,0,81,1,0,,0,0,1167,,,2,,2,0,1,0,13,,,0,2,0,0,1,0,2,25,0,,2,0,0,0,,,1312
2012-W16,,0,0,,0,,,6,,1,0,77,0,0,,0,0,1387,,,1,,4,0,1,0,15,,,0,0,0,0,2,0,2,36,0,,0,4,2,0,,,1538
2012-W17,,0,0,,0,,,14,,0,0,64,0,0,,1,0,1581,,,0,,2,1,1,0,13,,,0,2,0,0,7,0,3,27,0,,1,1,1,0,,,1719
2012-W18,,3,0,,0,,,2,,0,0,86,2,0,,0,0,1462,,,0,,2,1,1,0,13,,,0,1,0,0,3,0,2,21,0,,3,0,3,0,,,1605
2012-W19,,0,0,,0,,,12,,1,0,96,1,0,,0,0,1607,,,0,,1,1,0,0,19,,,0,0,0,0,1,0,2,34,0,,2,1,5,0,,,1783
2012-W20,,1,0,,0,,,7,,0,0,80,0,0,,0,0,1682,,,0,,2,0,2,0,11,,,0,3,1,0,2,0,0,28,0,,2,2,4,0,,,1827
2012-W21,,1,0,,0,,,6,,0,1,80,0,0,,0,0,1458,,,0,,1,0,0,0,10,,,0,0,0,0,3,0,1,32,0,,3,2,2,0,,,1600
2012-W22,,3,0,,0,,,7,,0,0,81,0,0,,0,0,1105,,,1,,2,1,1,0,5,,,0,1,1,0,3,0,1,30,0,,1,3,2,0,,,1248
2012-W23,,2,0,,0,,,7,,0,0,99,1,0,,0,0,981,,,0,,3,0,0,0,9,,,0,1,1,0,2,0,1,37,0,,2,2,0,0,,,1148
2012-W24,,0,0,,0,,,5,,0,0,87,1,0,,0,0,906,,,2,,3,1,1,0,11,,,0,0,0,0,6,0,1,27,0,,2,2,3,0,,,1058
2012-W25,,0,0,,0,,,11,,0,0,128,1,0,,1,0,794,,,1,,5,1,0,0,7,,,0,4,1,0,4,0,0,32,0,,2,2,0,0,,,994
2012-W26,,1,0,,0,,,4,,0,0,151,0,0,,0,0,728,,,0,,7,0,0,0,11,,,0,3,0,0,2,0,2,23,0,,1,0,2,0,,,935
2012-W27,,1,0,,0,,,9,,0,0,140,0,0,,0,0,686,,,0,,4,1,0,0,8,,,0,3,1,0,6,0,1,27,0,,3,3,4,0,,,897
2012-W28,,1,0,,0,,,10,,0,1,131,1,0,,0,1,681,,,0,,6,0,0,0,12,,,0,1,1,0,2,0,5,17,0,,0,2,5,0,,,877
2012-W29,,1,0,,0,,,4,,0,0,124,1,0,,0,0,754,,,1,,9,1,0,0,9,,,0,1,0,0,3,0,0,25,0,,2,4,4,0,,,943
2012-W30,,0,0,,0,,,11,,0,0,110,0,0,,0,0,868,,,2,,2,0,0,0,7,,,0,1,0,0,4,0,1,28,0,,0,2,0,0,,,1036
2012-W31,,0,0,,0,,,7,,0,0,94,0,0,,0,0,748,,,1,,5,0,0,0,11,,,0,1,0,0,2,0,0,39,0,,0,4,1,0,,,913
2012-W32,,2,0,,0,,,1,,0,0,127,0,0,,0,0,628,,,2,,4,1,0,0,11,,,0,0,0,0,6,0,1,28,0,,1,3,0,0,,,815
2012-W33,,1,0,,0,,,10,,0,0,115,0,0,,0,0,573,,,0,,4,0,2,0,7,,,0,1,0,0,4,0,2,33,0,,3,4,5,0,,,764
2012-W34,,1,0,,0,,,7,,0,0,92,0,0,,1,0,497,,,0,,4,1,2,0,15,,,0,2,1,0,3,0,0,25,0,,1,2,1,0,,,655
2012-W35,,2,0,,0,,,11,,0,0,102,0,0,,0,0,501,,,0,,1,1,0,0,13,,,0,2,0,0,5,0,3,42,0,,1,3,0,0,,,687
2012-W36,,1,0,,0,,,9,,0,0,75,1,0,,0,0,540,,,0,,1,0,2,0,7,,,0,1,0,0,0,0,0,28,0,,0,3,1,0,,,669
2012-W37,,1,0,,0,,,13,,0,0,73,1,0,,0,0,567,,,1,,1,0,0,0,10,,,0,0,0,0,3,0,0,38,0,,2,3,7,0,,,720
2012-W38,,4,0,,0,,,15,,0,0,72,0,0,,2,0,582,,,2,,5,1,1,0,9,,,0,0,0,0,4,0,0,37,0,,1,5,2,0,,,742
2012-W39,,1,0,,0,,,10,,0,0,99,1,0,,2,0,482,,,0,,4,2,1,0,7,,,0,1,0,0,3,0,1,35,0,,0,4,2,0,,,655
2012-W40,,0,1,,0,,,14,,1,0,103,1,0,,2,0,437,,,0,,3,0,2,0,10,,,0,0,0,0,4,0,0,31,0,,2,1,2,0,,,614
2012-W41,,2,0,,0,,,12,,1,0,122,1,0,,1,0,376,,,0,,3,0,0,0,7,,,0,0,0,0,2,0,0,23,0,,1,4,2,0,,,557
2012-W42,,3,0,,0,,,10,,2,0,105,0,0,,0,0,341,,,0,,5,0,1,0,5,,,0,1,0,0,2,0,1,24,0,,1,1,1,0,,,503
2012-W43,,1,0,,0,,,12,,1,0,84,0,0,,1,0,325,,,0,,5,0,2,0,7,,,0,0,0,0,2,0,2,26,0,,1,3,1,0,,,473
2012-W44,,1,0,,0,,,13,,1,0,104,0,0,,1,0,265,,,0,,1,2,0,0,11,,,0,0,0,0,7,0,2,27,0,,0,2,1,0,,,438
2012-W45,,0,0,,0,,,10,,0,0,99,1,0,,0,0,237,,,0,,1,3,0,0,11,,,0,0,0,0,3,0,2,33,0,,3,3,3,0,,,409
2012-W46,,0,0,,0,,,5,,1,0,87,1,0,,1,0,238,,,0,,1,1,0,0,5,,,0,0,1,0,1,0,1,32,0,,0,2,1,0,,,378
2012-W47,,1,0,,0,,,8,,0,0,99,1,0,,1,0,283,,,5,,1,1,2,0,6,,,0,0,0,0,3,0,0,24,0,,0,2,2,0,,,439
2012-W48,,5,0,,0,,,9,,0,0,80,0,0,,0,0,219,,,1,,3,0,0,0,13,,,0,0,0,0,6,0,1,35,0,,2,5,5,0,,,384
2012-W49,,1,0,,0,,,9,,3,0,78,0,0,,0,0,217,,,0,,3,0,0,0,7,,,0,1,0,0,2,0,2,35,0,,2,0,0,0,,,360
2012-W50,,2,0,,0,,,11,,0,0,104,1,0,,0,0,198,,,0,,2,0,1,0,7,,,0,1,0,0,3,0,0,23,0,,2,1,1,0,,,357
2012-W51,,2,0,,0,,,9,,3,0,92,2,0,,3,0,185,,,1,,0,0,0,0,2,,,0,0,0,0,3,0,0,34,0,,3,1,3,0,,,343
2012-W52,,2,0,,0,,,3,,0,0,111,1,0,,0,0,154,,,0,,5,0,0,0,3,,,0,0,0,0,1,0,0,26,0,,0,5,1,0,,,312
2013-W01,,0,0,,0,,,13,,0,0,132,2,0,,1,0,148,,,0,,1,0,4,0,10,,,0,0,1,0,7,0,0,26,0,,1,4,3,0,,,353
2013-W02,,0,0,,0,,,15,,1,0,204,1,0,,2,0,191,,,1,,1,1,0,0,13,,,0,1,0,0,2,0,1,26,0,,3,1,3,0,,,467
2013-W03,,1,0,,0,,,5,,1,0,219,0,0,,1,0,171,,,0,,1,0,2,0,14,,,0,2,1,0,4,0,1,26,0,,4,2,0,0,,,455
2013-W04,,1,0,,0,,,5,,1,0,264,3,0,,1,0,172,,,2,,0,0,1,0,13,,,0,3,2,0,1,0,2,32,0,,4,0,1,0,,,508
2013-W05,,1,0,,0,,,7,,0,0,292,1,0,,1,0,185,,,0,,0,0,0,0,11,,,0,1,0,0,5,0,1,30,0,,1,2,1,0,,,539
2013-W06,,1,0,,0,,,9,,2,0,322,0,0,,1,0,164,,,0,,2,0,1,1,9,,,0,0,0,0,2,0,1,28,0,,2,6,1,0,,,552
2013-W07,,0,0,,0,,,5,,0,0,246,1,0,,1,0,181,,,0,,0,0,1,0,3,,,0,1,0,0,3,0,2,20,0,,2,1,1,0,,,468
2013-W08,,1,0,,0,,,13,,0,0,294,2,0,,2,0,265,,,0,,1,0,1,0,8,,,0,0,0,0,4,0,1,26,0,,1,1,2,0,,,622
2013-W09,,0,0,,0,,,8,,2,0,247,2,0,,1,0,388,,,1,,0,0,0,0,11,,,0,1,0,0,1,0,1,32,0,,2,2,0,0,,,699
2013-W10,,0,0,,0,,,7,,14,0,272,1,0,,1,1,478,,,0,,1,0,0,0,10,,,0,0,0,0,3,0,2,28,0,,1,0,2,0,,,821
2013-W11,,0,0,,0,,,7,,1,0,307,1,0,,0,0,465,,,1,,2,0,0,0,9,,,0,0,0,0,0,0,0,32,0,,1,1,3,0,,,830
2013-W12,,2,0,,0,,,4,,3,0,305,2,0,,0,0,351,,,0,,1,0,0,0,11,,,0,0,0,0,0,0,0,31,0,,0,1,1,0,,,712
2013-W13,,4,0,,0,,,1,,3,0,314,2,0,,0,0,350,,,0,,1,0,2,0,9,,,0,0,0,0,8,0,1,22,0,,4,5,1,0,,,727
2013-W14,,1,0,,0,,,8,,6,0,402,4,0,,1,0,438,,,0,,3,1,3,0,11,,,0,2,0,0,2,0,1,39,0,,1,1,1,0,,,925
2013-W15,,1,0,,0,,,18,,14,0,491,1,0,,0,0,461,,,1,,4,0,0,0,14,,,0,0,0,0,1,0,2,32,0,,1,2,1,0,,,1044
2013-W16,,1,0,,0,,,13,,35,0,505,4,0,,3,0,504,,,0,,4,1,0,0,17,,,0,0,0,0,2,0,2,30,0,,1,1,1,0,,,1124
2013-W17,,1,0,,0,,,7,,24,0,536,2,0,,0,0,572,,,0,,2,0,0,0,15,,,0,1,0,0,6,0,0,51,0,,1,4,2,0,,,1224
2013-W18,,1,0,,0,,,8,,19,0,547,0,0,,0,0,595,,,0,,4,2,0,0,10,,,0,0,0,0,6,0,0,25,0,,2,3,0,0,,,1222
2013-W19,,4,0,,0,,,5,,29,0,556,2,0,,0,0,627,,,1,,5,2,0,0,11,,,0,0,0,0,0,0,1,30,0,,2,3,0,0,,,1278
2013-W20,,2,0,,0,,,8,,28,0,611,0,0,,0,1,697,,,0,,2,1,1,0,10,,,0,1,0,0,11,0,1,45,0,,4,2,3,0,,,1428
2013-W21,,2,0,,0,,,13,,15,0,637,3,0,,0,0,662,,,0,,7,1,0,0,5,,,0,0,0,0,2,0,2,27,0,,3,0,2,0,,,1381
2013-W22,,2,0,,0,,,4,,31,0,742,4,0,,1,0,774,,,0,,1,0,0,0,10,,,0,1,1,0,3,0,0,42,0,,1,0,1,0,,,1618
2013-W23,,0,0,,0,,,11,,40,0,813,1,0,,1,0,697,,,1,,1,1,1,0,14,,,0,0,0,0,3,0,0,51,0,,1,0,2,0,,,1638
2013-W24,,2,0,,0,,,2,,39,0,805,4,0,,1,1,736,,,0,,5,0,0,0,6,,,0,0,0,0,3,0,2,32,0,,5,3,2,0,,,1648
2013-W25,,0,0,,0,,,6,,45,0,838,4,0,,0,1,581,,,0,,0,0,0,0,10,,,0,0,2,0,0,0,1,33,0,,1,0,4,0,,,1526
2013-W26,,3,1,,0,,,2,,24,0,802,4,0,,0,1,461,,,0,,5,0,3,0,10,,,0,0,0,0,4,0,2,32,0,,1,2,1,0,,,1358
2013-W27,,2,0,,0,,,7,,26,0,676,2,0,,0,0,441,,,0,,1,0,1,0,16,,,0,0,1,0,4,0,1,30,0,,3,4,0,0,,,1215
2013-W28,,0,0,,0,,,7,,26,0,540,1,0,,1,1,482,,,1,,0,0,0,0,12,,,0,0,0,0,2,0,0,44,0,,1,1,1,0,,,1120
2013-W29,,1,0,,0,,,10,,16,0,389,1,0,,2,0,578,,,0,,7,0,1,1,16,,,0,0,0,0,1,0,1,32,0,,3,0,1,0,,,1060
2013-W30,,1,1,,0,,,8,,20,0,305,1,0,,1,0,590,,,1,,3,1,1,0,7,,,0,0,0,0,0,0,2,30,0,,2,2,0,0,,,976
2013-W31,,2,0,,0,,,8,,22,0,288,1,0,,1,1,659,,,0,,1,1,1,0,17,,,0,0,0,0,4,0,1,30,0,,1,1,1,0,,,1040
2013-W32,,0,0,,0,,,7,,7,0,255,1,0,,1,0,577,,,1,,7,0,1,0,13,,,0,1,1,0,2,0,0,18,0,,0,1,0,0,,,893
2013-W33,,1,0,,0,,,3,,26,0,378,0,0,,1,0,743,,,1,,5,0,0,0,9,,,0,0,0,0,3,0,1,28,0,,1,2,2,0,,,1204
2013-W34,,1,0,,0,,,13,,15,0,338,3,0,,2,0,798,,,0,,3,2,1,0,9,,,0,0,2,0,3,0,1,21,0,,1,0,0,0,,,1213
2013-W35,,1,0,,0,,,4,,38,0,382,4,0,,1,0,887,,,0,,2,3,0,0,12,,,0,0,0,0,4,0,0,37,0,,3,0,0,0,,,1378
2013-W36,,0,0,,0,,,3,,42,0,449,3,0,,1,0,860,,,1,,0,1,0,0,8,,,0,0,1,0,2,0,0,38,0,,2,2,0,0,,,1413
2013-W37,,1,0,,0,,,8,,39,0,337,2,0,,0,0,960,,,1,,3,2,0,0,4,,,0,1,0,0,2,0,0,34,0,,3,0,0,0,,,1397
2013-W38,,0,0,,0,,,11,,49,0,370,6,0,,0,0,1062,,,1,,3,0,0,0,7,,,0,0,0,0,2,0,1,46,0,,0,0,2,0,,,1560
2013-W39,,1,0,,0,,,6,,32,0,402,4,0,,0,0,1108,,,0,,5,6,1,0,2,,,0,0,2,0,1,0,1,53,0,,0,2,0,0,,,1626
2013-W40,,2,0,,0,,,5,,17,1,439,2,0,,0,0,1077,,,0,,2,0,3,0,4,,,0,0,2,0,5,0,2,65,0,,2,0,0,0,,,1628
2013-W41,,1,0,,0,,,10,,23,0,435,3,0,,0,0,1247,,,0,,0,2,0,0,9,,,0,1,0,0,0,0,2,46,0,,1,0,0,0,,,1780
2013-W42,,2,0,,0,,,0,,16,0,371,3,0,,1,2,1147,,,0,,0,2,0,0,4,,,0,1,0,0,1,0,0,39,0,,1,1,1,0,,,1592
2013-W43,,0,0,,0,,,9,,21,1,495,0,0,,0,0,1029,,,1,,1,3,0,0,3,,,0,1,0,0,4,0,1,37,0,,1,1,1,0,,,1609
2013-W44,,2,0,,0,,,6,,22,0,457,1,0,,2,0,914,,,0,,0,2,1,0,6,,,0,0,0,0,4,0,1,27,0,,0,7,0,0,,,1452
2013-W45,,1,0,,0,,,7,,31,0,401,1,0,,1,1,1002,,,1,,2,4,1,0,4,,,0,1,0,0,3,0,1,46,0,,0,2,0,0,,,1510
2013-W46,,1,0,,0,,,12,,23,0,442,2,0,,0,0,849,,,0,,1,0,4,0,10,,,0,0,1,0,1,0,1,26,0,,1,3,0,0,,,1377
2013-W47,,2,0,,0,,,8,,36,0,365,0,0,,1,0,740,,,0,,2,1,0,0,11,,,0,0,0,0,9,0,1,29,0,,1,1,3,0,,,1210
2013-W48,,0,0,,0,,,6,,27,0,372,0,0,,1,0,607,,,0,,3,0,0,0,6,,,0,0,0,0,3,0,1,45,0,,2,1,0,0,,,1074
2013-W49,,1,0,,0,,,8,,32,0,347,0,0,,2,0,628,,,3,,1,1,0,0,9,,,0,0,0,0,7,0,2,27,0,,1,4,2,0,,,1075
2013-W50,,0,0,,0,,,8,,23,0,380,1,0,,0,0,575,,,2,,1,0,0,1,4,,,0,0,0,0,4,0,0,33,0,,0,6,1,0,,,1039
2013-W51,,2,0,,0,,,14,,33,0,371,0,0,,0,0,542,,,0,,1,2,0,0,10,,,0,2,0,0,4,0,0,28,0,,1,0,0,0,,,1010
2013-W52,,1,0,,0,,,6,,20,0,414,0,0,,0,0,363,,,2,,3,3,1,0,9,,,0,1,0,0,4,0,0,20,0,,3,0,1,0,,,851
2014-W01,,0,0,,0,,,10,,19,0,436,1,0,,0,0,345,,,0,,1,5,1,0,7,,,0,0,0,0,3,0,0,22,0,,4,1,2,0,,,857
2014-W02,,2,0,,0,,,10,,29,0,479,0,0,,2,0,346,,,2,,1,2,0,0,14,,,0,0,1,0,0,0,0,38,0,,0,4,0,0,,,930
2014-W03,,0,0,,0,,,5,,20,0,401,0,0,,0,0,387,,,1,,2,15,1,0,14,,,0,0,1,0,3,0,0,27,0,,2,5,0,0,,,884
2014-W04,,1,0,,0,,,5,,17,0,336,0,0,,1,1,366,,,0,,1,8,0,0,10,,,0,0,0,0,3,0,2,32,0,,2,2,1,0,,,788
2014-W05,,1,0,,0,,,10,,13,0,234,0,0,,0,0,214,,,1,,0,3,0,0,5,,,0,1,0,0,3,0,0,25,0,,1,2,0,0,,,513
2014-W06,,1,0,,0,,,8,,9,0,273,1,0,,2,0,312,,,0,,0,7,1,1,12,,,0,1,0,0,4,0,0,26,0,,0,3,0,0,,,661
2014-W07,,0,1,,0,,,5,,9,0,369,0,0,,3,1,329,,,0,,0,6,0,0,10,,,0,0,0,0,3,0,0,30,0,,1,3,1,0,,,771
2014-W08,,0,0,,0,,,9,,12,0,193,1,0,,1,0,371,,,1,,0,8,0,0,11,,,0,0,0,0,2,0,2,21,0,,0,2,1,0,,,635
2014-W09,,3,0,,0,,,12,,3,0,186,1,0,,1,1,331,,,2,,0,8,0,0,14,,,0,0,0,0,4,0,0,23,0,,2,2,1,0,,,594
2014-W10,,0,0,,0,,,3,,3,0,209,1,0,,0,0,321,,,0,,0,5,1,0,2,,,0,1,0,0,5,0,0,22,0,,4,1,1,0,,,579
2014-W11,,1,0,,0,,,11,,5,0,224,1,0,,0,0,309,,,0,,1,5,0,1,12,,,0,2,0,0,2,0,1,36,0,,1,0,1,0,,,613
2014-W12,,3,1,,0,,,11,,2,0,210,0,0,,1,0,247,,,0,,2,3,0,0,7,,,0,1,0,0,0,0,0,40,0,,1,2,1,0,,,532
2014-W13,,3,2,,0,,,10,,1,0,225,0,0,,0,0,312,,,2,,3,2,0,1,18,,,0,0,0,0,2,0,3,42,0,,2,1,1,0,,,630
2014-W14,,3,0,,0,,,14,,1,0,240,0,0,,0,0,341,,,0,,0,3,0,0,9,,,0,0,1,0,3,0,0,44,0,,2,1,3,0,,,665
2014-W15,,4,1,,0,,,6,,1,0,244,1,0,,1,0,312,,,1,,0,3,0,0,17,,,0,0,0,0,2,0,0,41,0,,1,1,2,0,,,638
2014-W16,,1,3,,0,,,6,,2,0,235,0,0,,1,0,348,,,1,,4,1,1,0,6,,,0,1,1,0,2,0,3,40,0,,0,2,2,0,,,660
2014-W17,,1,5,,0,,,19,,2,0,282,0,0,,0,0,480,,,0,,3,8,0,0,12,,,0,3,1,0,0,0,1,42,0,,2,3,3,0,,,867
2014-W18,,0,2,,0,,,14,,1,0,251,0,0,,2,0,557,,,0,,1,7,1,1,9,,,0,0,0,0,2,0,0,50,0,,2,1,0,0,,,901
2014-W19,,3,1,,0,,,15,,1,0,261,0,0,,1,0,628,,,0,,0,3,3,0,4,,,0,0,1,0,2,0,0,47,0,,1,1,0,0,,,972
2014-W20,,4,0,,0,,,13,,4,0,291,0,0,,0,1,663,,,1,,1,3,0,0,10,,,0,1,3,0,1,0,0,38,0,,4,2,3,0,,,1043
2014-W21,,2,0,,0,,,11,,1,0,427,1,0,,0,0,683,,,1,,0,3,1,0,6,,,0,0,0,0,2,0,0,56,0,,1,1,0,0,,,1196
2014-W22,,1,1,,0,,,13,,1,0,456,0,0,,1,0,793,,,1,,1,1,4,0,6,,,0,1,1,0,2,0,0,55,0,,2,1,2,0,,,1343
2014-W23,,4,0,,0,,,10,,3,0,458,1,0,,1,0,689,,,1,,2,1,0,0,8,,,0,0,1,0,3,0,1,47,0,,0,0,0,0,,,1230
2014-W24,,3,0,,0,,,11,,3,0,506,0,0,,1,0,521,,,2,,1,1,0,0,7,,,0,1,0,0,2,0,0,41,0,,1,0,3,0,,,1104
2014-W25,,1,1,,0,,,7,,2,1,550,1,0,,0,0,473,,,0,,3,0,1,0,8,,,0,1,1,0,0,0,1,47,0,,2,2,2,0,,,1104
2014-W26,,0,1,,0,,,4,,1,0,671,0,0,,0,0,431,,,3,,2,3,1,0,7,,,0,0,0,0,4,0,1,50,0,,0,0,1,0,,,1180
2014-W27,,4,0,,0,,,9,,1,0,888,3,0,,0,0,369,,,1,,1,2,0,1,7,,,0,0,0,0,3,0,1,40,0,,2,2,0,0,,,1334
2014-W28,,3,2,,0,,,10,,2,0,818,1,0,,1,0,430,,,0,,3,4,2,0,5,,,0,1,0,0,4,0,0,46,0,,2,0,2,0,,,1336
2014-W29,,2,1,,0,,,6,,0,0,744,2,0,,2,0,426,,,1,,1,3,1,0,11,,,0,0,0,0,1,0,1,38,0,,1,1,3,0,,,1245
2014-W30,,1,3,,0,,,7,,2,0,633,1,0,,1,0,393,,,0,,1,3,1,0,11,,,0,0,1,0,2,0,0,35,0,,0,1,0,0,,,1096
2014-W31,,5,3,,0,,,5,,1,0,484,0,0,,0,0,338,,,2,,1,0,1,0,9,,,0,0,1,0,2,0,1,42,0,,2,1,3,0,,,901
2014-W32,,4,2,,0,,,14,,0,0,545,0,0,,0,0,422,,,0,,1,4,1,0,10,,,0,0,0,0,2,0,0,35,0,,1,3,4,0,,,1048
2014-W33,,1,1,,0,,,4,,3,0,438,0,0,,1,0,446,,,0,,4,2,1,0,8,,,0,1,0,0,4,0,0,40,0,,0,3,0,0,,,957
2014-W34,,0,2,,0,,,8,,0,0,418,0,0,,1,1,464,,,1,,1,3,0,0,11,,,0,0,0,0,6,0,0,34,0,,0,2,4,0,,,956
2014-W35,,2,0,,0,,,8,,2,0,367,0,0,,2,0,523,,,0,,0,3,2,0,12,,,0,0,1,0,2,0,1,36,0,,0,1,4,0,,,966
2014-W36,,3,2,,0,,,7,,1,0,339,0,0,,0,1,523,,,1,,1,0,0,1,6,,,0,0,0,0,2,0,0,29,0,,1,4,2,0,,,923
2014-W37,,3,1,,0,,,7,,0,0,362,0,0,,2,0,377,,,1,,2,0,2,0,11,,,0,1,0,0,5,0,1,44,0,,0,1,0,0,,,820
2014-W38,,0,1,,0,,,2,,0,0,396,1,0,,0,0,502,,,1,,1,0,0,1,7,,,0,0,0,0,2,0,2,37,0,,1,2,0,0,,,956
2014-W39,,1,1,,0,,,9,,1,0,344,1,0,,1,0,488,,,0,,0,0,1,0,14,,,0,1,0,0,7,0,0,41,0,,2,1,1,0,,,914
2014-W40,,4,1,,0,,,4,,1,0,339,0,0,,0,0,512,,,0,,2,0,1,0,7,,,0,0,2,0,2,0,0,39,0,,0,0,2,0,,,916
2014-W41,,1,4,,0,,,3,,0,1,278,0,0,,1,0,382,,,0,,2,0,0,0,11,,,0,0,0,0,2,0,0,29,0,,1,1,1,0,,,717
2014-W42,,2,3,,0,,,12,,1,0,297,0,0,,1,0,385,,,3,,1,0,2,0,12,,,0,0,0,0,3,0,0,42,0,,1,1,0,0,,,766
2014-W43,,1,2,,0,,,8,,1,0,213,0,0,,1,0,364,,,0,,1,0,0,0,6,,,0,0,2,0,3,0,0,35,0,,0,1,1,0,,,639
2014-W44,,10,1,,0,,,4,,0,0,186,0,0,,1,0,377,,,1,,1,1,1,0,7,,,0,0,0,0,4,0,0,32,0,,0,2,3,0,,,631
2014-W45,,4,2,,0,,,8,,0,0,168,1,0,,1,0,400,,,0,,4,0,0,0,7,,,0,0,0,0,3,0,1,37,0,,0,0,1,0,,,637
2014-W46,,3,0,,0,,,4,,0,0,158,0,0,,0,0,359,,,2,,1,0,0,0,8,,,0,0,0,0,2,0,0,42,0,,1,1,1,0,,,582
2014-W47,,3,0,,0,,,4,,1,0,149,0,0,,0,0,357,,,1,,0,0,0,0,14,,,0,1,0,0,8,0,0,34,0,,1,1,1,0,,,575
2014-W48,,0,0,,0,,,8,,1,0,162,0,0,,0,0,356,,,0,,0,0,2,1,5,,,0,0,0,0,1,0,1,24,0,,1,1,2,0,,,565
2014-W49,,0,0,,0,,,8,,1,0,212,0,0,,1,0,302,,,1,,1,0,0,0,8,,,0,0,0,0,0,0,0,29,0,,0,0,5,0,,,568
2014-W50,,2,0,,0,,,9,,1,0,177,0,0,,1,0,371,,,0,,1,1,0,1,5,,,0,0,2,0,5,0,0,22,0,,2,0,1,0,,,601
2014-W51,,2,2,,0,,,3,,0,0,198,0,0,,0,0,439,,,1,,0,0,1,1,10,,,0,0,0,0,4,0,0,27,0,,0,1,0,0,,,689
2014-W52,,0,0,,0,,,5,,0,0,188,0,0,,0,0,398,,,1,,1,1,1,0,7,,,0,0,0,0,5,0,0,27,0,,0,2,1,0,,,637
2014-W53,,1,2,,0,,,8,,0,0,158,0,0,,0,0,375,,,0,,1,1,1,0,6,,,0,0,0,0,3,0,0,29,0,,2,1,2,0,,,590
2015-W01,,2,1,,0,,,12,,2,0,256,1,0,,1,0,422,,,0,,1,0,2,0,8,,,0,2,2,0,3,0,1,44,0,,1,0,0,0,,,761
2015-W02,,0,0,,0,,,9,,1,0,228,0,0,,2,0,554,,,1,,0,0,1,1,10,,,0,1,2,0,3,0,0,40,0,,2,1,0,0,,,856
2015-W03,,0,0,,0,,,9,,0,0,237,0,0,,0,0,492,,,0,,0,0,1,0,9,,,0,0,1,0,2,0,0,30,0,,2,5,1,0,,,789
2015-W04,,0,0,,0,,,10,,1,0,259,0,0,,2,0,502,,,1,,0,0,0,0,10,,,0,0,2,0,2,0,0,21,0,,4,0,2,0,,,816
2015-W05,,0,0,,0,,,4,,2,0,212,0,0,,0,0,492,,,0,,0,2,1,0,12,,,0,0,2,0,3,0,0,22,0,,1,1,1,0,,,755
2015-W06,,2,2,,0,,,5,,0,0,173,0,0,,0,0,690,,,1,,1,0,0,0,11,,,0,0,1,0,2,0,1,31,0,,1,3,1,0,,,925
2015-W07,,0,0,,0,,,11,,1,0,99,1,0,,0,0,417,,,0,,0,1,1,0,9,,,0,0,1,0,3,0,1,24,0,,1,1,1,0,,,572
2015-W08,,2,0,,0,,,17,,0,0,172,0,0,,2,0,573,,,1,,0,2,2,0,11,,,0,1,1,0,5,0,0,30,0,,0,2,0,0,,,821
2015-W09,,2,0,,0,,,8,,0,0,189,1,0,,0,0,645,,,0,,0,0,1,0,2,,,0,1,0,0,1,0,0,31,0,,0,0,0,0,,,881
2015-W10,,3,0,,0,,,5,,0,0,110,0,0,,0,0,609,,,1,,1,0,0,0,6,,,0,1,1,0,2,0,0,27,0,,1,0,1,0,,,768
2015-W11,,1,1,,0,,,7,,1,0,91,0,0,,0,0,556,,,1,,1,0,0,0,8,,,0,4,1,0,1,0,1,27,0,,2,0,0,0,,,703
2015-W12,,3,0,,0,,,4,,0,0,129,1,0,,0,0,558,,,0,,0,0,1,0,5,,,0,1,2,0,0,0,0,42,0,,1,0,3,0,,,750
2015-W13,,1,0,,0,,,13,,1,0,90,1,0,,0,0,463,,,1,,0,0,2,0,15,,,0,1,0,0,1,0,0,31,0,,0,1,0,0,,,621
2015-W14,,0,0,,0,,,1,,0,0,107,0,0,,1,0,537,,,0,,5,3,1,0,12,,,0,0,1,0,4,0,1,37,0,,0,0,0,0,,,710
2015-W15,,0,0,,0,,,9,,1,0,137,0,0,,1,0,633,,,1,,0,4,0,0,11,,,0,1,1,0,2,0,0,34,0,,0,0,2,0,,,837
2015-W16,,2,0,,0,,,14,,2,0,113,0,0,,1,0,693,,,1,,1,2,1,0,13,,,0,2,1,0,0,0,0,40,0,,1,1,2,0,,,890
2015-W17,,3,1,,0,,,8,,0,0,120,0,0,,0,0,721,,,0,,1,1,0,0,6,,,0,0,2,0,2,0,1,29,0,,1,0,1,0,,,897
2015-W18,,1,0,,0,,,5,,1,0,135,0,0,,1,0,778,,,0,,1,0,1,0,12,,,0,0,0,0,4,0,0,31,0,,2,0,2,0,,,974
2015-W19,,2,0,,0,,,8,,0,0,157,1,0,,0,0,782,,,1,,1,1,0,0,12,,,0,0,2,0,2,0,1,24,0,,2,0,1,0,,,997
2015-W20,,2,0,,0,,,9,,0,0,109,0,0,,0,0,855,,,0,,0,1,0,0,9,,,0,0,0,0,6,0,0,36,0,,1,2,0,0,,,1030
2015-W21,,1,0,,0,,,9,,2,0,178,2,0,,3,0,1004,,,0,,1,1,1,0,11,,,0,0,0,0,2,0,1,36,0,,1,1,2,0,,,1256
2015-W22,,1,0,,0,,,7,,1,0,151,1,0,,0,0,721,,,0,,1,0,0,0,9,,,0,0,0,0,4,0,1,42,0,,0,0,1,0,,,940
2015-W23,,1,0,,0,,,2,,0,0,192,1,0,,1,0,540,,,0,,1,1,3,0,9,,,0,0,0,0,2,0,0,26,0,,1,1,1,0,,,782
2015-W24,,0,0,,0,,,5,,1,0,207,0,0,,0,0,541,,,1,,1,1,4,1,13,,,0,2,1,0,1,0,0,44,0,,2,1,0,0,,,826
2015-W25,,2,0,,0,,,9,,0,0,240,0,0,,0,0,578,,,0,,3,0,0,0,15,,,0,0,2,0,5,0,0,39,0,,1,0,1,0,,,895
2015-W26,,0,1,,0,,,7,,0,0,242,0,0,,0,0,455,,,0,,0,1,2,1,10,,,0,1,1,0,1,0,1,41,0,,0,3,1,0,,,768
2015-W27,,1,0,,0,,,7,,0,0,272,0,0,,0,0,430,,,1,,2,5,0,0,4,,,0,0,2,0,5,0,0,23,0,,0,4,0,0,,,756
2015-W28,,2,2,,0,,,6,,1,0,263,0,0,,0,0,385,,,0,,2,0,0,0,10,,,0,0,0,0,4,0,0,41,0,,2,0,0,0,,,718
2015-W29,,3,2,,0,,,6,,3,0,293,0,0,,1,0,448,,,0,,1,2,0,0,16,,,0,0,3,0,3,0,0,43,0,,0,0,1,0,,,825
2015-W30,,0,0,,0,,,7,,0,0,250,0,0,,0,0,438,,,0,,2,0,1,1,5,,,0,0,0,0,6,0,0,30,0,,0,0,2,0,,,742
2015-W31,,0,0,,0,,,10,,3,0,226,0,0,,1,0,367,,,0,,2,1,1,0,6,,,0,0,1,0,2,0,0,36,0,,1,1,3,0,,,661
2015-W32,,0,0,,0,,,7,,1,0,221,0,0,,1,1,478,,,0,,1,0,0,0,7,,,0,0,0,0,4,0,0,41,0,,1,4,0,0,,,767
2015-W33,,2,0,,0,,,8,,2,0,250,0,0,,0,0,554,,,0,,2,2,1,0,10,,,0,2,1,0,3,0,0,44,0,,0,0,1,0,,,882
2015-W34,,0,0,,0,,,8,,0,1,225,0,0,,1,0,533,,,0,,1,0,1,0,10,,,0,0,1,0,5,0,0,50,0,,2,0,1,0,,,839
2015-W35,,0,0,,0,,,11,,0,0,246,0,0,,1,0,483,,,0,,0,0,0,0,9,,,0,0,0,0,3,0,1,58,0,,0,5,0,0,,,817
2015-W36,,1,1,,0,,,9,,1,0,217,0,0,,0,0,407,,,0,,3,0,0,0,7,,,0,0,3,0,5,0,0,42,0,,1,1,1,0,,,699
2015-W37,,0,0,,0,,,7,,0,0,303,0,0,,2,0,414,,,0,,1,2,1,0,14,,,0,0,0,0,5,0,0,43,0,,1,2,1,0,,,796
2015-W38,,4,1,,0,,,11,,1,0,214,0,0,,1,0,403,,,0,,1,1,2,0,2,,,0,1,0,0,1,0,0,41,0,,0,1,0,0,,,685
2015-W39,,0,0,,0,,,5,,3,0,257,0,0,,1,1,441,,,0,,2,1,1,0,12,,,0,0,3,0,1,0,0,39,0,,1,0,1,0,,,769
2015-W40,,1,24,,0,,,6,,1,0,235,0,0,,0,0,431,,,0,,1,0,1,0,8,,,0,0,1,0,0,0,1,47,0,,1,0,1,0,,,759
2015-W41,,2,2,,0,,,4,,4,0,235,0,0,,0,0,585,,,1,,1,1,2,0,8,,,0,0,0,0,2,0,0,42,0,,0,0,1,0,,,890
2015-W42,,0,3,,0,,,10,,1,0,224,0,0,,1,0,477,,,1,,0,1,1,0,6,,,0,1,2,0,3,0,0,51,0,,1,1,4,0,,,788
2015-W43,,0,1,,0,,,10,,0,1,246,0,0,,0,0,438,,,0,,1,1,0,0,12,,,0,1,1,0,4,0,2,39,0,,3,1,3,0,,,764
2015-W44,,7,1,,0,,,9,,2,0,266,0,0,,2,0,502,,,0,,0,0,0,0,6,,,0,1,2,0,1,0,0,40,0,,1,1,3,0,,,844
2015-W45,,2,1,,0,,,8,,1,0,198,0,0,,0,0,523,,,0,,0,0,0,1,9,,,0,0,1,0,0,0,0,58,0,,0,1,1,0,,,804
2015-W46,,1,0,,0,,,10,,0,0,254,0,0,,1,1,600,,,0,,0,0,1,1,10,,,0,0,0,0,2,0,0,52,0,,0,2,2,0,,,937
2015-W47,,1,1,,0,,,6,,1,1,285,1,0,,0,0,610,,,0,,4,2,0,0,10,,,0,0,3,0,2,0,0,48,0,,0,0,3,0,,,978
2015-W48,,0,0,,0,,,8,,1,0,259,0,0,,0,0,533,,,1,,1,0,0,0,8,,,0,0,2,0,8,0,0,46,0,,0,2,2,0,,,871
2015-W49,,1,0,,0,,,9,,0,0,356,1,0,,1,0,568,,,1,,0,0,0,0,6,,,0,1,2,0,1,0,1,41,0,,1,0,0,0,,,990
2015-W50,,0,1,,0,,,16,,0,0,333,0,0,,0,0,548,,,0,,0,0,1,0,3,,,0,0,2,0,0,0,1,48,0,,1,1,2,0,,,957
2015-W51,,2,0,,0,,,7,,0,0,372,0,0,,1,0,432,,,0,,1,1,2,0,11,,,0,0,0,0,2,0,0,58,0,,3,0,3,0,,,895
2015-W52,,1,0,,0,,,8,,0,0,458,0,0,,0,0,370,,,1,,0,0,1,0,7,,,0,1,0,0,2,0,0,40,0,,0,0,3,0,,,892
2016-W01,,3,0,,1,,,14,,1,1,549,0,0,,1,0,418,,,0,,1,0,0,0,8,,,0,1,1,0,2,0,1,58,0,,0,0,1,0,,,1061
2016-W02,,3,0,,0,,,4,,1,0,628,0,0,,1,0,505,,,0,,0,0,2,0,7,,,0,0,2,0,2,0,0,52,0,,0,3,1,0,,,1211
2016-W03,,0,0,,0,,,9,,0,0,635,1,0,,2,0,588,,,0,,0,0,1,1,11,,,0,1,2,0,1,0,0,49,0,,2,2,2,0,,,1307
2016-W04,,2,0,,0,,,6,,1,0,629,1,0,,0,0,587,,,0,,0,0,2,0,10,,,0,0,1,0,3,0,0,42,0,,4,0,0,0,,,1288
2016-W05,,2,0,,0,,,6,,0,0,528,2,0,,2,0,680,,,0,,0,1,0,0,9,,,0,0,1,0,2,0,0,54,0,,1,0,2,0,,,1290
2016-W06,,1,0,,0,,,5,,0,0,420,0,0,,0,0,587,,,0,,0,0,2,0,9,,,0,0,0,0,2,0,0,35,0,,0,1,0,0,,,1062
2016-W07,,1,0,,0,,,13,,2,0,592,1,0,,0,0,700,,,1,,0,2,0,0,8,,,0,0,1,0,5,0,0,50,0,,0,3,3,0,,,1382
2016-W08,,1,0,,0,,,14,,0,0,508,4,0,,1,0,756,,,0,,0,1,0,0,10,,,0,0,1,0,4,0,0,52,0,,4,0,0,0,,,1356
2016-W09,,1,0,,0,,,8,,0,0,412,0,0,,0,0,832,,,0,,0,1,1,0,4,,,0,1,3,0,2,0,2,39,0,,1,1,0,0,,,1308
2016-W10,,2,0,,0,,,10,,0,0,396,1,0,,1,0,981,,,1,,0,2,2,0,6,,,0,3,2,0,4,0,0,26,0,,2,2,3,0,,,1444
2016-W11,,4,0,,0,,,6,,0,0,373,1,0,,1,0,906,,,0,,1,2,0,0,9,,,0,1,1,0,3,0,0,42,0,,0,1,2,0,,,1353
2016-W12,,4,0,,0,,,2,,0,0,306,2,0,,0,0,858,,,0,,1,2,0,0,7,,,0,1,1,0,1,0,0,26,0,,0,0,2,0,,,1213
2016-W13,,1,0,,0,,,7,,0,0,376,1,0,,0,0,937,,,0,,0,4,2,0,7,,,0,3,1,0,0,0,1,39,0,,0,1,0,0,,,1380
2016-W14,,0,0,,0,,,12,,2,0,290,2,0,,0,0,807,,,0,,0,1,0,0,7,,,0,0,3,0,2,0,1,29,0,,0,2,1,0,,,1159
2016-W15,,2,0,,0,,,13,,0,0,225,0,0,,0,0,988,,,1,,1,2,1,0,7,,,0,0,1,0,2,0,0,42,0,,0,0,3,0,,,1288
2016-W16,,7,0,,0,,,13,,0,0,231,0,0,,0,0,1052,,,1,,1,6,0,0,5,,,0,0,0,0,2,0,0,48,0,,1,1,1,0,,,1369
2016-W17,,1,0,,0,,,12,,0,0,244,0,0,,1,1,1022,,,0,,0,6,1,0,12,,,0,0,1,0,6,0,0,47,0,,2,2,3,0,,,1361
2016-W18,,6,0,,0,,,8,,0,0,181,0,0,,2,0,1079,,,1,,0,3,0,0,12,,,0,1,2,0,6,0,0,39,0,,0,0,3,0,,,1343
2016-W19,,2,0,,0,,,5,,0,0,217,0,0,,0,0,1317,,,0,,0,11,0,0,10,,,0,1,1,0,2,0,0,48,0,,1,0,3,0,,1,1619
2016-W20,,2,0,,0,,,19,,1,0,212,0,0,,0,0,1314,,,0,,1,6,3,0,9,,,0,1,2,0,1,0,0,41,0,,1,1,9,0,,0,1623
2016-W21,,4,0,,0,,,5,,0,0,198,0,0,,0,0,1349,,,0,,0,7,0,0,14,,,0,0,0,0,3,0,0,58,0,,2,0,2,0,,0,1642
2016-W22,,2,0,,0,,,12,,1,0,219,1,0,,0,0,1234,,,0,,0,5,1,0,17,,,0,0,1,0,3,0,0,45,0,,1,5,0,0,,0,1547
2016-W23,,1,0,,0,,,9,,0,0,159,1,0,,0,0,1117,,,0,,0,3,2,0,15,,,0,1,3,0,3,0,1,53,0,,1,2,4,0,,0,1375
2016-W24,,2,1,,0,,,5,,0,0,192,1,0,,1,0,1066,,,0,,2,4,2,1,12,,,0,0,9,0,3,0,1,28,0,,2,2,6,0,,0,1340
2016-W25,,0,0,,0,,,8,,1,0,215,0,0,,2,0,1034,,,0,,0,1,2,0,13,,,0,0,3,0,6,0,0,43,0,,0,0,4,0,,0,1332
2016-W26,,1,0,,0,,,11,,1,0,234,0,0,,5,0,972,,,0,,1,0,0,0,12,,,0,0,0,0,4,0,0,53,0,,1,0,1,0,,0,1296
2016-W27,,2,0,,0,,,8,,0,0,246,1,0,,1,0,798,,,0,,0,0,2,0,8,,,0,0,1,0,0,0,1,48,0,,0,0,0,0,,0,1116
2016-W28,,1,0,,0,,,3,,0,0,223,0,0,,1,0,871,,,0,,1,1,0,1,11,,,0,0,1,0,3,0,2,80,0,,0,2,2,0,,0,1203
2016-W29,,2,0,,0,,,14,,0,0,266,0,0,,0,0,884,,,1,,0,0,1,0,12,,,0,1,3,0,2,0,0,58,0,,2,3,4,0,,0,1253
2016-W30,,2,0,,0,,,3,,0,0,221,1,0,,1,0,908,,,0,,0,0,3,0,15,,,0,0,3,0,0,0,1,35,0,,1,5,3,0,,0,1202
2016-W31,,3,0,,0,,,1,,0,0,211,0,0,,2,0,972,,,1,,1,3,3,0,8,,,0,0,3,0,7,0,0,42,0,,0,2,1,0,,0,1260
2016-W32,,0,1,,0,,,5,,1,0,197,1,0,,0,0,917,,,0,,1,1,1,0,8,,,0,0,0,0,1,0,0,46,0,,1,1,3,0,,0,1185
2016-W33,,1,1,,0,,,6,,0,0,221,1,0,,1,2,914,,,0,,3,1,1,0,7,,,0,0,2,0,3,0,0,48,0,,2,2,5,0,,0,1221
2016-W34,,5,0,,0,,,6,,2,0,274,0,0,,2,0,948,,,2,,1,3,3,0,9,,,0,0,1,0,4,0,0,26,0,,0,1,0,0,,1,1288
2016-W35,,1,0,,0,,,13,,1,0,310,1,0,,1,0,906,,,0,,2,2,0,0,13,,,0,1,1,0,3,0,1,36,0,,2,2,0,0,,214,1510
2016-W36,,4,0,,0,,,20,,4,0,242,0,0,,0,0,867,,,0,,2,5,0,0,18,,,0,0,2,0,1,0,1,44,0,,1,0,3,0,,103,1317
2016-W37,,0,0,,0,,,13,,2,0,174,0,0,,0,0,779,,,0,,2,,2,0,12,,,0,0,2,0,1,0,0,47,0,,1,0,2,0,,62,1099
2016-W38,,0,0,,0,,,13,,3,1,173,0,0,,0,2,756,,,1,,2,0,0,0,13,,,0,0,0,0,5,0,1,30,0,,0,0,3,0,,11,1014
2016-W39,,3,0,,0,,,10,,2,0,138,0,0,,0,0,737,,,1,,0,3,3,0,11,,,0,1,0,0,1,0,0,37,0,,0,1,2,0,,8,958
2016-W40,,1,0,,0,,,11,,0,0,125,0,0,,0,0,555,,,1,,0,2,2,0,14,,,0,0,0,0,3,0,0,47,0,,1,2,4,0,,4,772
2016-W41,,2,1,,0,,,6,,1,0,94,0,0,,0,0,616,,,0,,2,2,1,0,10,,,0,0,2,0,3,0,0,41,0,,1,0,6,0,,11,799
2016-W42,,1,0,,0,,,2,,4,0,108,0,0,,0,0,599,,,0,,0,1,2,0,7,,,0,1,2,0,1,0,0,46,0,,0,0,4,0,,11,789
2016-W43,,2,0,,0,,,5,,0,0,84,0,0,,0,0,474,,,1,,0,2,2,1,14,,,0,0,0,0,3,0,0,34,0,,1,0,3,0,,12,638
2016-W44,,2,0,,0,,,8,,2,0,85,1,0,,0,0,489,,,0,,0,1,1,0,16,,,0,0,3,0,1,0,0,45,0,,2,0,1,0,,4,661
2016-W45,,2,1,,0,,,11,,1,0,84,0,0,,0,0,505,,,0,,0,4,3,0,11,,,0,0,3,0,2,0,0,33,0,,2,1,0,0,,4,667
2016-W46,,3,1,,0,,,7,,2,0,72,0,0,,0,0,581,,,1,,0,5,2,0,13,,,0,0,4,0,1,0,0,47,0,,1,0,3,0,,3,746
2016-W47,,1,0,,0,,,6,,0,0,74,1,0,,0,1,576,,,0,,0,8,1,0,8,,,0,0,0,0,2,0,0,40,0,,1,0,1,0,,1,721
2016-W48,,2,1,,0,,,7,,1,0,86,0,0,,0,0,602,,,0,,0,4,3,0,4,,,0,0,0,0,4,0,0,0,0,,0,0,1,0,,2,717
2016-W49,,1,0,,0,,,6,,1,0,59,0,0,,0,2,588,,,0,,3,11,0,3,10,,,0,0,0,0,0,0,0,0,0,,0,0,0,0,,1,685
2016-W50,,2,0,,0,,,7,,1,0,81,0,0,,0,2,582,,,1,,1,3,2,1,11,,,0,0,2,0,2,0,0,0,0,,1,0,2,0,,0,701
2016-W51,,0,0,,0,,,9,,0,0,72,0,0,,0,3,560,,,0,,0,2,1,1,15,,,0,0,0,0,2,0,0,1,0,,4,1,1,0,,0,672
2016-W52,,0,0,,0,,,5,,0,0,64,0,0,,0,3,512,,,0,,0,3,2,0,12,,,0,0,0,0,1,0,1,0,0,,1,2,2,0,,1,609
2017-W01,2,3,1,3,0,0,7,,0,,0,70,0,0,0,0,1,,501,0,0,2,0,3,2,0,6,0,0,,3,1,0,1,0,1,48,0,0,3,,,0,0,,658
2017-W02,0,1,0,1,0,0,7,,0,,0,90,1,0,0,0,0,,588,0,0,0,0,4,2,0,15,0,0,,1,3,0,2,0,0,43,0,0,4,,,0,0,,762
2017-W03,2,0,0,2,0,0,4,,0,,0,74,1,0,0,0,0,,599,0,0,0,1,3,0,0,12,0,0,,0,0,0,3,0,0,38,0,0,3,,,0,1,,743
2017-W04,1,2,0,2,0,0,11,,0,,0,66,0,0,0,0,0,,494,0,0,1,0,1,1,0,6,0,0,,0,0,0,1,0,1,35,0,0,2,,,0,0,,624
2017-W05,1,2,1,2,0,0,12,,0,,0,62,0,0,0,0,2,,572,0,0,1,0,0,1,1,12,0,0,,1,2,0,5,0,0,44,0,0,6,,,0,0,,727
2017-W06,5,1,0,0,0,0,4,,0,,0,77,0,0,0,0,0,,669,0,0,2,1,1,2,0,15,0,0,,0,7,0,4,0,1,33,0,0,0,,,0,2,,824
2017-W07,0,1,1,0,0,0,3,,0,,0,51,2,0,0,0,0,,692,0,0,2,0,4,2,1,9,0,0,,0,0,0,2,0,1,25,0,0,4,,,0,1,,801
2017-W08,0,2,1,0,0,0,10,,0,,0,54,0,0,0,0,0,,762,0,0,0,0,3,0,0,9,1,0,,1,0,0,6,0,1,46,0,0,0,,,0,0,,896
2017-W09,2,2,0,2,0,0,6,,1,,0,41,0,0,0,0,0,,855,0,1,1,0,1,0,0,12,0,0,,0,2,0,4,0,0,45,0,0,1,,,0,1,,977
2017-W10,0,1,0,1,0,0,8,,0,,0,32,0,0,0,0,0,,943,0,1,1,1,2,0,0,11,0,0,,0,2,0,2,0,0,32,0,0,0,,,0,0,,1037
2017-W11,2,0,0,0,0,0,8,,0,,0,34,1,0,0,0,0,,797,0,0,1,1,1,3,0,14,0,0,,0,2,0,2,0,0,31,0,0,1,,,0,0,,898
2017-W12,2,0,0,3,0,0,7,,2,,0,32,0,0,0,0,0,,790,0,1,0,0,2,1,0,8,1,0,,0,0,0,3,0,0,63,0,0,0,,,0,1,,916
2017-W13,3,0,0,2,0,0,7,,0,,0,49,1,0,0,0,0,,663,0,2,0,0,4,1,1,12,0,0,,0,0,0,5,0,0,45,0,0,0,,,0,2,,797
2017-W14,2,0,0,1,0,0,9,,1,,0,37,0,0,0,0,1,,695,0,0,1,1,3,0,1,13,0,0,,0,2,0,0,0,0,33,0,0,2,,,0,5,,807
2017-W15,2,1,0,2,0,0,4,,0,,0,32,0,0,0,0,0,,654,0,0,1,1,2,0,1,7,0,0,,0,1,0,2,0,0,42,0,0,1,,,0,5,,758
2017-W16,4,0,1,0,0,0,8,,0,,0,51,0,0,0,0,0,,762,0,0,2,2,2,2,0,12,0,0,,0,0,0,2,0,0,31,0,0,1,,,0,5,,885
2017-W17,4,0,0,2,0,0,11,,0,,0,37,0,0,0,0,0,,752,0,0,1,0,0,0,0,7,0,0,,0,0,0,0,0,1,32,0,0,1,,,0,7,,855
2017-W18,2,0,0,0,0,0,6,,0,,0,42,0,0,0,0,0,,755,0,1,0,2,0,1,0,13,0,0,,1,1,0,1,0,1,43,0,0,1,,,0,3,,873
2017-W19,1,1,0,0,0,0,9,,0,,0,48,0,0,0,0,0,,732,0,1,1,0,0,2,0,8,0,0,,1,0,0,4,0,1,38,0,0,0,,,0,1,,848
2017-W20,2,1,0,2,0,0,10,,1,,0,48,2,0,0,0,0,,793,0,1,1,0,2,1,0,7,0,0,,0,0,0,3,0,0,40,0,0,0,,,0,1,,915
2017-W21,1,0,0,0,0,0,9,,0,,0,50,0,0,0,0,0,,789,0,0,2,2,2,0,0,10,0,0,,1,0,0,6,0,1,44,0,0,0,,,0,4,,921
2017-W22,3,0,0,1,0,0,7,,0,,1,66,0,0,0,0,1,,713,0,1,3,0,0,2,0,8,0,0,,0,1,0,10,0,0,65,0,0,2,,,0,3,,887
2017-W23,1,0,1,1,0,0,9,,2,,0,62,0,0,0,0,0,,607,0,0,2,0,2,1,0,9,0,0,,0,3,0,3,0,0,36,0,0,0,,,0,1,,740
2017-W24,1,1,0,0,0,0,4,,1,,0,79,1,0,0,0,0,,520,0,0,1,0,3,0,0,8,0,0,,0,0,0,3,0,0,49,0,0,2,,,0,1,,674
2017-W25,0,0,0,2,0,0,5,,2,,0,73,0,0,0,0,0,,554,0,1,0,1,1,0,0,10,0,0,,1,0,0,2,0,0,33,0,0,1,,,0,2,,688
2017-W26,2,1,1,1,0,0,13,,2,,0,75,0,0,0,0,0,,436,0,1,0,1,2,4,0,12,0,0,,0,1,0,2,0,1,28,0,0,1,,,0,1,,585
2017-W27,0,1,0,2,0,0,16,,1,,0,63,0,0,0,0,0,,572,0,1,2,3,1,1,0,9,0,0,,1,1,0,4,0,0,41,0,0,1,,,0,0,,720
2017-W28,1,2,1,3,0,0,8,,1,,0,53,0,0,0,0,0,,661,0,0,0,0,0,0,0,6,0,0,,1,2,0,4,0,0,31,0,0,1,,,0,1,,776
2017-W29,2,1,2,0,0,0,9,,0,,0,51,0,0,0,0,0,,692,0,0,1,0,1,1,0,9,0,0,,1,1,0,2,0,0,30,0,0,1,,,0,0,,804
2017-W30,2,0,0,4,0,0,15,,0,,0,66,1,0,0,0,0,,803,0,0,1,1,0,0,0,15,0,0,,1,1,0,8,0,0,45,0,0,0,,,0,6,,969
2017-W31,2,0,0,4,0,0,13,,1,,0,60,0,1,0,0,0,,872,0,0,0,1,0,0,0,7,0,0,,0,1,0,2,0,0,40,0,0,0,,,0,6,,1010
2017-W32,2,2,0,0,0,0,9,,1,,0,56,0,0,0,0,0,,695,0,0,3,1,2,1,0,15,2,0,,0,2,0,2,0,1,46,0,0,3,,,0,2,,845
2017-W33,2,1,0,7,0,0,15,,2,,0,52,1,0,0,0,0,,711,0,0,2,1,0,0,0,5,0,0,,0,0,0,6,0,2,27,0,0,0,,,0,2,,836
2017-W34,1,1,1,1,0,0,7,,1,,0,51,1,0,0,0,0,,840,0,0,1,1,0,2,0,13,0,0,,0,3,0,4,0,3,37,0,0,2,,,0,0,,970
2017-W35,0,1,0,3,0,0,13,,0,,0,33,0,0,0,0,0,,761,0,0,0,3,1,2,0,12,0,0,,0,5,0,4,0,0,39,0,0,1,,,0,1,,879
2017-W36,2,0,2,3,0,0,13,,1,,0,40,0,1,0,0,0,,659,0,1,2,1,1,1,1,14,0,0,,0,0,0,4,0,1,46,0,0,1,,,0,0,,794
2017-W37,1,1,0,2,0,0,11,,0,,0,53,0,0,0,0,0,,717,0,1,0,1,1,1,0,5,0,0,,1,5,0,2,0,0,41,0,0,0,,,0,0,,843
2017-W38,3,1,0,4,0,0,12,,0,,0,58,1,0,0,0,0,,708,0,0,1,1,2,0,0,12,0,0,,1,2,0,1,0,0,39,0,0,1,,,0,0,,847
2017-W39,0,2,0,0,0,0,17,,0,,0,39,0,0,0,0,0,,672,0,1,1,0,1,1,0,14,0,0,,0,1,0,4,0,0,27,0,0,0,,,0,1,,781
2017-W40,0,0,1,1,0,0,10,,1,,0,51,1,0,0,0,0,,622,0,0,1,1,0,2,0,12,0,0,,0,1,0,1,0,0,33,0,0,1,,,0,0,,739
2017-W41,2,2,1,0,0,0,4,,1,,0,55,0,0,0,0,0,,721,0,1,0,0,0,3,1,13,0,0,,0,2,0,1,0,0,34,0,0,3,,,0,0,,844
2017-W42,5,2,0,1,0,0,5,,1,,1,62,1,0,0,0,0,,635,0,0,0,1,1,0,1,9,0,0,,0,2,0,3,0,0,38,0,0,1,,,0,0,,769
2017-W43,1,0,1,2,0,0,13,,0,,1,77,0,0,0,0,0,,549,0,0,2,1,1,1,0,11,0,0,,0,2,0,1,0,0,37,0,0,2,,,0,0,,702
2017-W44,1,0,0,3,0,0,21,,1,,0,62,0,0,0,0,0,,553,0,0,1,1,1,0,1,8,0,0,,0,2,0,4,0,0,50,0,0,2,,,0,0,,711
2017-W45,1,0,0,0,0,1,10,,0,,0,44,0,0,0,0,1,,474,0,0,1,1,0,3,0,11,0,0,,0,3,0,2,0,1,35,0,0,1,,,0,0,,589
2017-W46,1,0,0,1,0,0,9,,1,,0,50,0,0,0,0,0,,550,0,1,1,1,1,2,0,6,0,0,,0,2,0,1,0,0,33,0,0,0,,,0,1,,661
2017-W47,0,0,1,2,0,0,15,,0,,0,24,0,0,0,0,0,,481,0,0,0,1,0,1,1,8,0,0,,0,1,0,5,0,0,27,0,0,1,,,0,0,,568
2017-W48,3,4,1,1,0,0,11,,3,,0,37,1,0,0,0,0,,463,0,0,2,2,0,0,1,9,1,0,,0,4,0,2,0,0,38,0,0,3,,,0,0,,586
2017-W49,2,0,0,5,0,0,12,,1,,0,33,1,0,0,0,0,,415,0,1,2,2,0,0,0,11,0,0,,0,1,0,5,0,0,36,0,0,1,,,0,0,,528
2017-W50,1,0,2,0,0,0,11,,0,,0,40,0,0,0,0,0,,460,0,0,0,0,2,2,0,6,1,0,,0,3,0,2,0,0,44,0,0,1,,,0,0,,575
2017-W51,1,0,0,0,0,0,13,,0,,0,51,0,0,0,0,1,,412,0,0,2,0,0,0,1,11,3,0,,0,2,0,2,0,1,36,0,0,1,,,0,0,,537
2017-W52,0,0,1,0,0,0,5,,0,,0,66,0,0,0,0,0,,325,0,1,1,0,6,0,0,7,0,0,,0,2,0,3,0,0,42,0,0,1,,,0,0,,460
2018-W01,1,1,0,0,0,0,6,,0,,0,83,0,0,0,0,0,,326,0,0,0,2,1,1,0,6,0,0,,1,2,0,1,0,0,27,0,0,1,,,0,0,,459
2018-W02,1,2,0,1,0,0,8,,0,,0,68,0,0,0,0,0,,478,0,0,0,1,1,1,1,13,0,0,,1,3,0,3,0,0,33,0,0,1,,,0,0,,616
2018-W03,1,1,0,1,0,0,4,,0,,0,54,0,0,0,0,0,,542,0,0,1,0,2,1,0,11,0,0,,0,2,0,5,0,0,28,0,0,0,,,0,1,,654
2018-W04,0,1,0,2,0,0,9,,0,,0,45,0,0,0,0,0,,645,0,2,1,0,0,0,0,12,0,0,,1,2,0,0,0,0,23,0,1,3,,,0,0,,747
2018-W05,1,1,0,0,0,1,9,,0,,1,48,0,0,0,0,0,,757,0,0,0,0,1,1,0,17,0,0,,0,0,0,2,0,0,26,0,0,0,,,0,0,,865
2018-W06,1,0,1,1,0,0,4,,0,,0,50,0,0,0,0,0,,699,0,0,0,0,0,1,0,11,0,0,,1,4,0,2,0,0,22,0,0,1,,,0,0,,798
2018-W07,2,0,0,2,0,0,4,,0,,0,28,0,0,0,0,0,,546,0,0,1,0,2,0,0,2,0,0,,0,2,0,3,0,0,13,0,0,0,,,0,0,,605
2018-W08,2,0,2,2,0,0,8,,0,,0,38,1,0,0,0,0,,668,0,0,0,1,0,1,0,8,0,0,,0,1,0,4,0,0,14,0,0,2,,,0,0,,752
2018-W09,0,2,0,3,0,0,4,,1,,0,51,0,0,0,0,0,,780,0,0,0,0,1,0,1,10,1,0,,1,4,0,3,0,0,32,0,0,1,,,0,0,,895
2018-W10,1,2,0,0,0,0,4,,0,,0,37,0,0,0,0,0,,1105,0,0,0,0,2,0,0,5,0,0,,0,0,0,4,0,0,32,0,0,0,,,0,0,,1192
2018-W11,2,1,1,1,0,0,4,,0,,0,37,2,0,0,0,0,,946,0,0,1,2,1,0,1,11,1,0,,0,0,0,3,0,0,32,0,0,0,,,0,0,,1046
2018-W12,2,0,0,1,0,0,12,,0,,0,36,0,0,0,0,0,,983,0,0,1,1,0,2,0,11,0,0,,0,6,0,2,0,0,30,0,0,0,,,0,0,,1087
2018-W13,1,2,1,1,0,0,11,,0,,0,24,0,0,0,0,0,,843,0,0,1,0,1,0,0,10,0,0,,0,1,0,2,0,0,22,0,0,0,,,0,0,,920
2018-W14,1,0,1,3,0,0,10,,0,,0,38,0,0,0,0,0,,1010,0,1,1,0,2,0,0,12,1,0,,0,5,0,0,0,0,32,0,0,3,,,0,0,,1120
2018-W15,2,1,0,2,0,0,13,,0,,0,38,0,0,0,0,0,,985,0,0,2,1,2,1,0,10,0,0,,0,5,0,1,0,0,31,0,0,0,,,0,0,,1094
2018-W16,1,1,2,2,0,0,4,,0,,0,56,0,0,0,0,0,,996,0,0,0,1,1,0,1,11,0,0,,1,4,0,1,0,0,33,0,0,1,,,0,0,,1116
2018-W17,0,2,0,3,0,0,5,,0,,0,55,1,0,0,0,1,,1066,0,0,1,1,3,0,0,8,0,0,,0,3,0,2,0,0,27,0,0,0,,,0,0,,1178
2018-W18,1,1,0,0,0,0,6,,0,,0,74,3,0,0,0,0,,971,0,0,0,1,0,3,0,16,1,0,,0,2,0,4,0,1,41,0,0,0,,,0,0,,1125
2018-W19,2,1,0,1,0,0,9,,0,,0,62,0,0,0,0,0,,1159,0,2,3,1,0,1,0,10,0,0,,0,5,0,2,0,0,36,0,0,1,,,0,0,,1295
2018-W20,3,0,0,1,0,0,6,,1,,0,63,1,0,0,0,1,,1022,0,0,2,1,1,0,0,16,0,0,,0,1,0,2,0,0,40,0,0,0,,,0,0,,1161
2018-W21,0,1,0,3,0,0,7,,0,,0,64,1,0,0,0,0,,1086,0,3,1,0,3,0,0,15,1,0,,1,3,0,4,0,0,40,0,0,0,,,0,0,,1233
2018-W22,3,0,0,0,0,0,9,,1,,0,52,2,0,0,0,0,,849,0,0,1,0,0,0,0,10,0,0,,0,1,0,4,0,0,47,0,0,0,,,0,0,,979
2018-W23,3,2,0,0,0,0,3,,1,,0,75,0,0,0,0,1,,873,0,1,1,1,1,1,0,9,0,0,,0,3,0,1,0,0,47,0,0,0,,,0,0,,1023
2018-W24,3,0,0,1,0,0,10,,0,,0,55,0,0,0,0,0,,735,0,0,2,0,0,0,0,8,0,0,,0,4,0,5,0,0,31,0,0,1,,,0,0,,855
2018-W25,1,3,0,1,0,0,8,,0,,0,59,2,0,0,0,0,,716,0,0,4,1,0,0,0,9,2,0,,0,1,0,3,0,0,39,0,0,0,,,0,0,,849
2018-W26,0,0,0,1,0,0,8,,0,,0,75,1,0,0,0,0,,889,0,0,1,1,0,1,0,7,0,0,,0,1,0,1,0,0,30,0,0,1,,,0,0,,1017
2018-W27,7,1,0,2,0,0,8,,0,,0,56,2,0,0,0,0,,1071,0,0,0,1,0,0,1,12,0,0,,1,2,0,4,0,0,42,0,0,1,,,0,0,,1211
2018-W28,1,3,1,2,0,0,9,,1,,0,44,0,0,0,0,0,,1140,0,0,1,2,0,1,0,9,0,0,,0,1,0,4,0,1,22,0,0,1,,,0,0,,1243
2018-W29,1,0,1,0,0,0,7,,0,,0,41,0,0,0,0,0,,1136,0,0,0,0,1,0,0,12,0,0,,1,4,0,4,0,0,22,0,0,2,,,0,0,,1232
2018-W30,1,0,0,0,0,0,7,,1,,0,56,0,0,0,0,0,,1177,0,2,0,0,0,0,1,8,0,0,,0,3,0,4,0,0,37,0,0,1,,,0,0,,1298
2018-W31,0,1,0,1,0,0,13,,0,,0,50,1,0,0,0,0,,1249,0,1,0,0,1,1,0,12,0,0,,0,1,0,0,0,2,32,0,0,0,,,0,0,,1365
2018-W32,1,0,0,0,0,0,11,,0,,0,59,0,0,0,0,0,,1050,0,0,2,0,0,0,0,7,0,0,,1,1,0,0,0,0,30,0,0,2,,,0,0,,1164
2018-W33,1,2,0,1,0,0,12,,0,,0,42,1,0,0,0,0,,1038,0,0,0,1,0,0,0,7,0,0,,1,1,0,2,0,2,23,0,0,2,,,0,0,,1136
2018-W34,4,1,0,0,0,0,7,,0,,1,66,2,0,0,0,0,,796,0,0,0,1,0,1,0,7,2,0,,1,3,0,3,0,1,31,0,0,2,,,0,0,,929
2018-W35,1,0,0,0,0,0,9,,0,,0,75,0,0,0,0,0,,684,0,1,0,0,2,1,0,9,0,0,,0,0,0,4,0,1,23,0,0,1,,,0,0,,811
2018-W36,1,0,0,3,0,0,4,,0,,0,75,1,0,0,0,0,,474,0,1,1,0,0,1,0,4,0,0,,0,1,0,3,0,0,38,0,0,2,,,0,0,,609
2018-W37,2,0,0,2,0,0,13,,0,,0,49,0,0,0,0,0,,594,0,0,1,0,0,0,0,10,0,0,,0,0,0,3,0,1,30,0,0,0,,,0,0,,705
2018-W38,0,1,0,1,0,0,12,,0,,0,63,0,0,0,0,0,,568,0,0,2,1,0,1,0,8,0,0,,0,1,0,3,0,0,34,0,0,0,,,0,0,,695
2018-W39,1,1,2,0,0,0,11,,0,,0,40,0,0,0,0,0,,622,0,2,0,2,0,0,0,7,0,0,,1,2,0,2,0,1,28,0,0,1,,,0,0,,723
2018-W40,2,2,0,0,0,0,8,,0,,0,51,0,0,0,0,1,,586,0,0,0,1,0,3,0,9,1,0,,0,2,0,2,0,0,30,0,0,0,,,0,0,,698
2018-W41,0,1,0,1,0,0,8,,0,,0,51,0,0,0,0,0,,547,0,0,1,1,0,1,1,8,0,0,,0,4,0,3,0,0,36,0,0,2,,,0,0,,665
2018-W42,0,4,0,0,0,0,8,,0,,0,60,2,0,0,0,0,,543,0,0,1,1,1,1,0,10,1,0,,0,1,0,3,0,0,36,0,0,2,,,0,0,,674
2018-W43,1,1,1,3,0,0,10,,2,,0,78,0,0,0,0,0,,561,0,0,1,0,0,2,0,5,1,0,,0,2,0,3,0,0,40,0,0,0,,,0,0,,711
2018-W44,0,0,1,0,0,0,6,,2,,0,75,0,0,0,0,0,,565,0,0,1,2,0,2,0,6,0,0,,0,0,0,1,0,0,44,0,0,3,,,0,0,,708
2018-W45,1,1,0,1,0,0,11,,0,,0,71,0,0,0,0,0,,528,0,2,2,0,1,2,1,11,0,0,,0,0,0,3,0,0,34,0,0,0,,,0,0,,669
2018-W46,0,2,0,1,0,0,12,,0,,0,78,0,0,0,0,0,,587,0,2,0,1,0,1,0,2,1,0,,0,1,0,4,0,0,37,0,0,1,,,0,0,,730
2018-W47,0,0,0,0,0,0,9,,0,,0,97,0,0,0,0,0,,607,0,0,1,0,2,0,0,10,1,0,,1,2,0,1,0,0,31,0,0,1,,,0,0,,763
2018-W48,0,1,0,1,0,0,11,,4,,0,109,0,0,0,0,0,,533,0,1,1,0,1,1,0,7,0,0,,0,3,0,1,0,0,21,0,0,2,,,0,0,,697
2018-W49,2,1,0,0,0,0,7,,1,,0,114,1,0,0,0,0,,500,0,0,0,1,0,2,0,3,0,0,,0,2,0,3,0,0,31,0,0,0,,,0,0,,668
2018-W50,6,1,1,0,0,0,9,,0,,0,107,1,0,0,0,1,,461,0,0,0,0,0,1,1,10,0,0,,1,3,0,2,0,0,27,0,0,0,,,0,0,,632
2018-W51,6,1,0,0,0,0,15,,0,,0,127,1,0,0,0,0,,486,0,0,1,2,0,0,0,4,0,0,,0,1,0,1,0,0,33,0,0,1,,,0,0,,679
2018-W52,1,1,0,1,0,0,5,,0,,1,160,0,0,0,0,0,,439,0,1,2,2,0,0,0,9,1,0,,1,2,0,3,0,0,24,0,0,0,,,0,0,,653
2019-W01,5,1,0,1,0,0,5,,1,,0,205,2,0,0,0,0,,0,0,0,0,1,0,0,0,5,0,0,,0,1,0,0,0,0,43,0,0,2,,,0,0,,272
2019-W02,2,1,1,0,0,0,5,,0,,0,245,0,0,0,0,0,,0,0,0,0,0,1,1,0,13,1,0,,2,2,0,2,0,0,28,0,0,6,,,0,0,,310
2019-W03,1,0,0,0,0,0,10,,2,,0,207,8,0,0,0,0,,0,0,0,0,3,5,2,0,7,0,0,,0,0,0,3,0,0,55,0,0,2,,,0,2,,307
2019-W04,1,2,0,0,0,0,7,,1,,0,221,1,0,0,0,0,,0,0,0,0,0,2,1,1,9,1,0,,2,1,0,2,0,0,38,0,0,2,,,0,0,,292
2019-W05,1,0,0,0,0,0,6,,0,,0,179,3,0,0,0,0,,0,0,0,0,1,3,1,0,9,0,0,,0,3,0,6,0,0,34,0,0,1,,,0,0,,247
2019-W06,3,1,0,0,0,0,6,,0,,0,135,3,0,0,0,1,,0,0,1,0,0,3,0,0,6,0,0,,0,1,0,4,0,0,30,0,0,1,,,0,1,,196
2019-W07,0,1,0,0,0,0,20,,0,,0,232,3,0,0,0,0,,0,0,0,0,2,4,2,1,6,0,0,,0,5,0,1,0,0,40,0,0,1,,,0,0,,318
2019-W08,2,1,0,2,0,0,9,,1,,0,181,1,0,0,0,0,,0,0,0,0,0,7,1,0,10,0,0,,0,0,0,4,0,0,25,0,0,0,,,0,0,,244
2019-W09,1,0,2,2,0,0,10,,2,,0,156,1,0,0,0,0,,0,0,0,0,0,7,1,0,6,0,0,,0,4,0,2,0,0,50,0,0,2,,,0,0,,246
2019-W10,0,0,2,1,0,0,8,,0,,1,133,1,0,0,0,0,,0,0,0,0,0,4,0,0,6,0,0,,0,2,0,3,0,0,41,0,0,0,,,0,1,,203
2019-W11,1,2,0,1,0,0,11,,0,,0,109,0,0,0,0,0,,0,0,1,0,0,2,0,0,5,0,0,,0,3,0,3,0,0,39,0,0,1,,,0,0,,178
2019-W12,0,2,1,0,0,0,9,,0,,0,96,1,0,0,0,0,,0,0,0,0,1,4,1,0,9,0,0,,0,2,0,2,0,0,42,0,0,1,,,0,0,,171
2019-W13,1,1,0,1,0,0,6,,1,,0,99,1,0,0,0,0,,0,0,0,1,1,1,2,0,12,0,0,,0,2,0,4,0,0,66,0,0,2,,,0,0,,201
2019-W14,2,1,1,4,0,0,7,,0,,0,108,0,0,0,0,0,,0,0,1,0,0,1,0,0,9,0,0,,0,1,0,1,0,0,72,0,0,0,,,0,0,,208
2019-W15,2,0,1,0,0,0,7,,0,,0,125,0,0,0,0,0,,0,0,1,0,2,0,2,0,17,0,0,,0,0,0,0,0,0,36,0,0,1,,,0,0,,194
2019-W16,0,2,0,0,0,0,2,,0,,0,134,1,0,0,0,0,,0,0,1,0,1,0,0,0,7,0,0,,0,1,0,2,0,0,42,0,0,0,,,0,0,,193
2019-W17,1,0,0,0,0,0,13,,1,,0,156,1,0,0,0,0,,0,0,0,3,0,1,1,0,5,0,0,,0,3,0,2,0,0,37,0,0,0,,,0,0,,224
2019-W18,3,0,0,0,0,0,5,,0,,0,192,2,0,0,0,0,,0,0,0,1,0,3,1,0,6,0,0,,2,0,0,1,0,0,36,0,0,1,,,0,0,,253
2019-W19,1,0,2,2,0,0,15,,0,,0,287,0,0,0,0,1,,0,0,0,3,0,1,3,0,13,0,0,,0,3,0,4,0,0,41,0,0,1,,,0,1,,378
2019-W20,0,2,0,0,0,0,11,,0,,0,307,2,0,0,0,0,,0,0,0,0,1,2,1,0,11,0,0,,0,1,0,5,0,0,40,0,0,2,,,0,0,,385
2019-W21,1,0,1,0,0,0,12,,0,,0,376,2,0,0,0,0,,0,0,1,0,0,4,2,0,10,0,0,,0,0,0,3,0,0,55,0,0,1,,,0,0,,468
2019-W22,1,1,0,0,0,0,9,,0,,0,400,1,0,0,0,0,,0,0,1,0,0,1,0,0,8,0,0,,0,1,0,2,0,0,40,0,0,1,,,0,0,,466
2019-W23,0,0,0,1,0,0,14,,6,,0,396,4,0,0,0,0,,0,0,0,0,1,2,1,0,8,0,0,,0,0,0,3,0,0,41,0,0,2,,,0,0,,479
2019-W24,0,1,0,0,0,0,17,,3,,0,464,3,0,0,0,0,,0,0,1,0,1,5,0,0,8,0,0,,1,2,0,4,0,0,43,0,0,1,,,0,0,,554
2019-W25,0,0,0,1,0,0,16,,1,,0,430,3,0,0,0,0,,0,0,3,0,0,7,0,0,5,0,0,,0,1,0,1,0,0,37,0,0,0,,,0,0,,505
2019-W26,1,0,0,1,0,0,6,,1,,0,492,5,0,0,0,0,,0,0,2,0,1,7,2,0,6,0,0,,0,2,0,3,0,0,33,0,0,1,,,0,0,,563
2019-W27,3,1,1,0,0,0,12,,1,,0,591,2,0,0,0,1,,0,0,0,0,1,8,2,0,6,2,0,,0,1,0,4,0,0,43,0,0,0,,,0,0,,679
2019-W28,0,1,0,0,0,0,8,,3,,0,661,2,0,0,0,0,,0,0,1,0,1,10,2,1,5,0,0,,0,1,0,4,0,0,31,0,0,0,,,0,2,,733
2019-W29,0,2,0,1,0,0,12,,1,,1,644,2,0,0,0,0,,0,0,0,1,0,17,2,0,10,0,0,,1,1,0,7,0,0,47,0,0,0,,,0,0,,749
2019-W30,4,0,0,2,0,0,7,,3,,0,601,4,0,0,0,0,,0,0,0,0,0,9,1,0,8,0,0,,0,1,0,2,0,0,29,0,0,2,,,0,0,,673
2019-W31,0,1,0,1,0,0,7,,3,,0,597,2,0,0,0,0,,0,0,0,0,0,10,1,0,7,0,0,,0,2,0,4,0,0,37,0,0,5,,,0,0,,677
2019-W32,2,0,0,0,0,0,5,,0,,0,521,2,0,0,0,0,,0,0,0,1,0,1,2,0,6,0,0,,0,2,0,3,0,0,32,0,0,11,,,0,0,,588
2019-W33,2,0,0,0,0,0,19,,1,,0,522,2,0,0,0,0,,0,0,0,0,0,3,0,0,8,0,0,,0,0,0,2,0,0,35,0,0,2,,,0,0,,596
2019-W34,1,1,0,2,0,0,9,,6,,0,474,0,0,0,0,0,,0,0,0,2,0,2,0,2,7,0,0,,0,2,0,4,0,0,38,0,0,3,,,0,0,,553
2019-W35,3,2,0,0,0,0,7,,1,,0,412,2,0,0,0,0,,0,0,0,0,0,5,0,0,11,0,0,,1,3,0,2,0,0,31,0,0,3,,,0,0,,483
2019-W36,0,1,0,1,0,0,6,,1,,0,326,1,0,0,0,0,,0,0,0,0,0,2,0,0,8,0,0,,0,0,0,4,0,0,36,0,0,0,,,0,0,,386
2019-W37,1,0,1,2,0,0,8,,2,,0,314,3,0,0,0,0,,0,0,2,1,1,2,0,0,8,0,0,,0,1,0,2,0,0,29,0,0,1,,,0,3,,381
2019-W38,2,0,0,1,0,0,9,,2,,0,299,2,0,0,0,0,,0,0,0,0,2,0,0,1,7,0,0,,0,0,0,1,0,0,38,0,0,0,,,0,1,,365
2019-W39,2,1,0,0,0,0,6,,1,,0,258,3,0,0,0,0,,0,0,1,1,0,2,0,0,8,0,0,,0,1,0,1,0,0,43,0,0,1,,,0,0,,329
2019-W40,0,1,0,2,0,0,6,,2,,0,243,3,0,0,0,0,,0,0,0,0,0,0,1,0,7,0,0,,0,2,0,2,0,0,45,0,0,2,,,0,0,,316
2019-W41,1,0,1,0,0,0,8,,4,,0,226,1,0,0,0,0,,0,0,0,1,2,2,0,0,6,0,0,,0,0,0,2,0,0,37,0,0,0,,,0,0,,291
2019-W42,1,0,0,0,0,0,14,,0,,0,239,0,0,0,0,0,,0,0,0,0,0,0,0,0,8,1,0,,0,0,0,1,0,0,43,0,0,0,,,0,0,,307
2019-W43,2,1,1,1,0,0,4,,1,,0,241,1,0,0,0,0,,0,0,0,1,0,0,0,0,11,0,0,,0,1,0,1,0,0,36,0,0,1,,,0,1,,304
2019-W44,1,0,0,0,0,0,6,,1,,0,306,2,0,0,0,0,,0,0,0,0,2,1,2,0,12,0,0,,0,0,0,4,0,0,35,0,0,0,,,0,0,,372
2019-W45,3,0,0,2,0,0,20,,0,,0,321,1,0,0,0,0,,0,0,3,4,0,0,2,0,10,0,0,,0,0,0,2,0,0,52,0,0,1,,,0,0,,421
2019-W46,2,0,0,1,0,0,9,,0,,0,372,1,0,0,0,1,,0,0,0,1,0,0,0,0,8,0,0,,0,0,0,1,0,0,33,0,0,1,,,0,0,,430
2019-W47,1,1,1,0,0,0,11,,1,,0,329,2,0,0,0,0,,0,0,0,0,2,1,2,0,5,0,0,,1,0,0,4,0,0,37,0,0,2,,,0,0,,400
2019-W48,1,1,1,0,0,0,10,,0,,0,295,0,0,0,0,0,,0,0,2,1,1,0,0,1,10,0,0,,1,0,0,2,0,0,35,0,0,1,,,0,0,,362
2019-W49,2,1,0,1,0,0,8,,2,,0,280,1,0,0,0,0,,0,0,0,0,0,1,0,0,11,0,0,,1,0,0,3,0,1,35,0,0,0,,,0,0,,347
2019-W50,0,0,0,1,0,0,3,,0,,0,257,0,0,0,0,0,,0,0,0,1,2,0,0,1,3,0,0,,0,2,0,0,0,0,34,0,0,5,,,0,0,,309
2019-W51,2,1,0,2,0,0,5,,1,,0,226,0,0,0,0,0,,0,0,1,2,1,0,3,0,10,0,0,,0,1,0,3,0,0,36,0,0,0,,,0,0,,294
2019-W52,0,0,1,0,0,0,19,,1,,0,290,0,0,0,0,0,,0,0,0,0,2,0,1,0,6,1,0,,0,0,0,2,0,1,33,0,0,0,,,0,0,,357
2020-W01,2,1,2,1,0,0,15,,3,,0,302,1,0,0,0,0,,0,0,0,0,1,0,0,2,7,0,0,,0,1,0,3,0,0,19,0,0,1,,,0,0,,361
2020-W02,1,2,1,0,0,0,9,,1,,0,342,1,0,0,0,0,,0,0,0,0,1,1,0,0,11,0,0,,1,0,0,3,0,0,25,0,0,2,,,0,0,,401
2020-W03,1,2,0,1,0,0,8,,1,,0,402,2,0,0,0,0,,0,0,0,0,1,2,2,0,9,0,0,,0,1,0,2,0,1,26,0,0,2,,,0,0,,463
2020-W04,1,1,0,0,0,0,10,,0,,0,307,2,0,0,0,0,,0,0,1,1,0,1,1,1,6,1,0,,1,0,0,2,0,0,32,0,0,3,,,0,0,,371
2020-W05,0,1,0,1,0,0,6,,1,,0,370,0,0,0,0,1,,0,0,1,0,0,0,0,0,5,0,0,,0,0,0,6,0,0,33,0,0,1,,,0,0,,426
2020-W06,0,2,0,3,0,0,9,,1,,0,400,0,0,0,0,0,,0,0,1,2,0,1,2,0,10,1,0,,0,2,0,3,0,0,42,0,0,1,,,0,0,,480
2020-W07,0,1,0,1,0,0,7,,2,,0,378,2,0,0,0,0,,0,0,0,2,1,2,1,0,7,0,0,,0,0,0,3,0,0,26,0,0,0,,,0,0,,433
2020-W08,0,0,0,1,0,0,9,,0,,0,380,1,0,0,0,0,,0,0,0,1,0,0,1,0,9,0,0,,1,0,0,1,0,0,22,0,0,1,,,0,0,,427
2020-W09,1,2,1,0,0,0,3,,0,,0,373,1,0,0,0,0,,0,0,1,0,0,0,0,0,7,0,0,,2,0,0,2,0,0,38,0,0,1,,,0,0,,432
2020-W10,1,0,1,3,0,0,8,,0,,0,375,0,0,0,0,0,,0,0,0,1,0,1,0,0,5,0,0,,1,1,0,1,0,0,53,0,0,1,,,0,1,,453
2020-W11,1,0,0,1,0,0,7,,0,,0,389,0,0,0,0,0,,0,0,0,0,1,0,1,0,4,1,0,,1,3,0,0,0,0,41,0,0,3,,,0,0,,453
2020-W12,2,2,0,1,0,0,9,,1,,0,367,1,0,0,0,0,,0,0,0,1,1,1,1,1,3,0,0,,0,0,0,1,0,0,44,0,0,2,,,0,0,,438
2020-W13,0,0,0,0,0,0,4,,0,,0,377,0,0,0,0,0,,0,0,1,2,0,1,1,0,7,0,0,,0,0,0,1,0,0,32,0,0,0,,,0,0,,426
2020-W14,1,3,0,1,0,0,11,,0,,0,315,0,0,0,0,0,,0,0,0,2,0,0,0,0,5,0,0,,2,1,0,2,0,0,20,0,0,3,,,0,0,,366
2020-W15,0,0,0,1,0,0,5,,0,,0,341,2,0,0,0,0,,0,0,0,0,0,0,0,0,2,0,0,,0,0,0,0,0,0,17,0,0,0,,,0,0,,368
2020-W16,1,0,0,1,0,0,9,,0,,0,360,0,0,0,0,0,,0,0,0,0,1,0,0,0,3,0,0,,0,1,0,1,0,0,17,0,0,2,,,0,0,,396
2020-W17,0,0,1,0,0,0,6,,0,,0,399,1,0,0,0,0,,0,0,0,1,0,0,0,0,0,0,0,,1,0,0,1,0,0,29,0,0,1,,,0,0,,440
2020-W18,1,1,0,1,0,0,4,,0,,0,390,0,0,0,0,0,,0,0,0,0,0,0,0,0,5,0,0,,0,1,0,0,0,0,18,0,0,1,,,0,0,,422
2020-W19,0,1,1,0,0,0,4,,0,,0,502,5,0,0,0,0,,0,0,0,0,0,0,0,0,7,0,0,,0,0,0,1,0,0,23,0,0,0,,,0,0,,544
2020-W20,0,0,0,1,0,0,8,,0,,0,524,2,0,0,0,0,,0,0,0,0,0,0,0,0,3,0,0,,0,0,0,1,0,0,29,0,0,0,,,0,0,,568
2020-W21,0,2,0,1,0,0,3,,0,,0,618,1,0,0,0,0,,0,0,0,0,0,0,1,0,3,0,0,,0,0,0,0,0,0,43,0,0,1,,,0,0,,673
2020-W22,1,1,0,2,0,1,8,,0,,0,731,1,0,0,0,0,,0,0,0,0,0,0,1,0,4,0,0,,0,0,0,0,0,0,32,0,0,0,,,0,0,,782
2020-W23,1,2,0,0,0,0,12,,0,,0,868,0,0,0,0,0,,0,0,0,1,0,0,0,0,6,1,0,,0,0,0,0,0,0,29,0,0,0,,,0,0,,920
2020-W24,0,0,0,0,0,0,8,,0,,0,1151,2,0,0,0,0,,0,0,0,1,0,0,0,1,5,0,0,,0,0,0,0,0,0,37,0,0,0,,,0,0,,1205
2020-W25,0,1,1,1,0,0,8,,0,,0,1369,2,0,0,0,0,,0,0,0,1,0,0,0,1,4,0,0,,0,0,0,0,0,0,41,0,0,0,,,0,0,,1429
2020-W26,0,0,1,0,0,0,9,,0,,0,1460,0,0,0,0,0,,0,0,0,0,0,0,1,0,8,0,0,,0,0,0,0,0,0,34,0,0,0,,,0,0,,1513
2020-W27,1,1,1,1,0,0,14,,0,,0,1444,4,0,0,0,0,,0,0,1,0,1,0,3,0,9,0,0,,0,0,0,0,0,0,32,0,0,0,,,0,0,,1512
2020-W28,2,0,0,1,0,0,7,,0,,0,1665,2,0,0,0,0,,0,0,0,0,0,0,1,0,5,0,0,,0,0,0,0,0,0,25,0,0,0,,,0,0,,1708
2020-W29,0,1,0,0,0,0,14,,0,,0,1725,4,0,0,0,0,,0,0,0,1,0,0,1,0,7,0,0,,0,0,0,0,0,0,34,0,0,0,,,0,0,,1787
2020-W30,0,0,0,0,0,0,10,,0,,0,1791,1,0,0,0,0,,0,0,2,1,2,0,1,0,7,0,0,,0,0,0,1,0,0,32,0,0,0,,,0,0,,1848
2020-W31,0,1,0,1,0,0,9,,0,,0,1376,2,0,0,0,0,,0,0,0,1,0,0,0,0,2,0,0,,0,0,0,1,0,0,26,0,0,0,,,0,0,,1419
2020-W32,0,0,0,0,0,0,18,,0,,0,1667,0,0,0,0,0,,0,0,0,0,0,0,1,0,3,0,0,,0,0,0,0,0,0,27,0,0,1,,,0,0,,1717
2020-W33,1,0,1,0,0,0,18,,0,,0,1336,3,0,0,0,0,,0,0,0,2,0,0,0,0,6,0,0,,0,0,0,1,0,0,27,0,0,0,,,0,0,,1395
2020-W34,0,1,0,0,0,0,8,,0,,0,1285,2,0,0,0,0,,0,0,1,2,0,0,1,1,5,0,0,,0,0,0,1,0,0,35,0,0,1,,,0,0,,1343
2020-W35,0,0,0,2,0,0,10,,0,,0,1153,1,0,0,0,0,,0,0,1,0,2,0,1,0,4,0,0,,0,0,0,0,0,0,22,0,0,0,,,0,0,,1196
2020-W36,2,0,0,2,0,0,12,,1,,0,937,1,0,0,0,0,,0,0,0,0,1,0,0,0,3,1,0,,0,0,0,1,0,0,44,0,0,0,,,0,0,,1005
2020-W37,0,0,0,3,0,0,10,,1,,0,725,0,0,0,0,0,,0,0,1,0,0,0,0,0,6,0,0,,0,0,0,0,0,0,29,0,0,0,,,0,0,,775
2020-W38,1,1,1,1,0,0,11,,0,,0,671,0,0,0,0,0,,0,0,1,0,0,0,0,0,5,0,0,,0,0,0,0,0,0,19,0,0,0,,,0,0,,711
2020-W39,1,0,1,1,0,0,7,,0,,0,590,1,0,0,0,0,,0,0,0,0,0,0,1,0,2,0,0,,0,0,0,0,0,0,26,0,0,1,,,0,0,,631
2020-W40,0,1,0,0,0,0,8,,0,,0,605,0,0,0,0,0,,0,0,0,1,0,0,0,0,5,0,0,,0,0,0,0,0,0,34,0,0,1,,,0,0,,655
2020-W41,0,1,0,2,0,0,9,,0,,0,528,1,0,0,0,0,,0,0,0,0,0,0,1,0,7,0,0,,0,0,0,1,0,0,30,0,0,0,,,0,0,,580
2020-W42,0,1,0,0,0,0,17,,0,,0,591,1,0,0,0,0,,0,0,0,1,0,2,2,0,7,0,0,,0,0,0,0,0,0,23,0,0,0,,,0,0,,645
2020-W43,0,0,0,2,0,0,11,,0,,0,563,2,0,0,0,0,,0,0,0,3,0,0,1,0,9,0,0,,0,0,0,0,0,0,25,0,0,0,,,0,0,,616
2020-W44,0,0,1,4,0,0,14,,0,,0,440,0,0,0,0,0,,0,0,0,1,0,0,1,0,8,2,0,,0,0,0,0,0,0,41,0,0,0,,,0,0,,512
2020-W45,0,1,1,1,0,0,14,,0,,0,408,0,0,0,0,0,,0,0,0,2,0,0,0,0,2,0,0,,0,0,0,1,0,0,13,0,0,0,,,0,0,,443
2020-W46,2,0,1,0,0,0,7,,0,,0,354,1,0,0,0,0,,0,0,0,0,0,0,2,0,3,0,0,,0,0,0,0,0,0,20,0,0,0,,,0,0,,390
2020-W47,0,3,0,1,0,0,11,,0,,0,258,0,0,0,0,0,,0,0,1,1,0,0,0,0,6,0,0,,0,0,0,2,0,0,19,0,0,0,,,0,0,,302
2020-W48,0,1,0,0,0,0,7,,0,,0,279,0,0,0,0,0,,0,0,1,1,0,0,3,0,4,0,0,,0,0,0,0,0,0,29,0,0,0,,,0,0,,325
2020-W49,0,1,0,2,0,0,16,,0,,0,228,0,0,0,0,0,,0,0,0,1,0,0,1,0,7,0,0,,0,0,0,1,0,0,36,0,0,0,,,0,0,,293
2020-W50,0,0,1,0,0,0,10,,0,,0,227,0,0,0,0,0,,0,0,0,1,0,0,0,0,5,0,0,,0,0,0,0,0,0,41,0,0,0,,,0,0,,285
2020-W51,0,0,0,0,0,0,10,,0,,0,236,0,0,0,0,0,,0,0,0,2,0,0,3,0,4,0,0,,0,0,0,0,0,0,40,0,0,0,,,0,0,,295
2020-W52,0,1,0,1,0,0,8,,0,,0,196,0,0,0,0,0,,0,0,1,3,0,0,1,0,2,0,0,,0,0,0,0,0,0,28,0,0,0,,,0,0,,241
2020-W53,1,1,0,0,0,0,19,,0,,0,193,1,0,0,0,0,,0,0,1,1,0,0,0,0,6,0,0,,0,0,0,0,0,0,44,0,0,0,,,0,0,,267
2021-W01,1,0,0,5,0,0,14,,0,,0,194,0,0,0,0,0,,0,0,1,0,0,0,2,0,4,1,0,,0,0,0,0,0,0,22,0,0,0,,,0,0,,244
2021-W02,0,1,0,3,0,0,12,,0,,0,165,1,0,0,0,0,,0,0,0,0,0,0,4,0,7,0,0,,0,0,0,1,0,0,35,0,0,0,,,0,0,,229
2021-W03,0,0,0,1,0,0,13,,0,,0,151,1,0,0,0,0,,0,0,0,3,0,0,3,0,5,0,0,,0,0,0,1,0,0,16,0,0,0,,,0,0,,194
2021-W04,0,0,2,1,0,0,17,,0,,0,135,0,0,0,0,0,,0,0,0,2,0,0,0,0,5,0,0,,0,0,0,0,0,0,18,0,0,0,,,0,0,,180
2021-W05,2,2,0,1,0,0,11,,0,,0,141,0,0,0,0,0,,0,0,0,0,0,0,1,0,4,0,0,,0,0,0,2,0,0,12,0,0,2,,,0,0,,178
2021-W06,1,0,0,0,0,0,20,,0,,0,142,1,0,0,0,0,,0,0,0,0,0,0,1,0,3,1,0,,0,0,0,0,0,0,17,0,0,0,,,0,0,,186
2021-W07,0,2,0,2,0,0,21,,0,,0,148,0,0,0,0,0,,0,0,1,0,0,0,1,0,7,0,0,,0,0,0,2,0,0,18,0,0,0,,,0,0,,202
2021-W08,1,0,0,0,0,0,12,,0,,0,145,1,0,0,0,0,,0,0,0,1,0,0,1,0,5,0,0,,0,0,0,0,0,0,17,0,0,0,,,0,0,,183
2021-W09,0,0,0,1,0,0,16,,0,,0,139,1,0,0,0,0,,0,0,0,0,0,0,1,0,3,0,0,,0,0,0,0,0,0,20,0,0,0,,,0,0,,181
2021-W10,0,0,1,1,0,0,14,,0,,0,145,0,0,0,0,0,,0,0,0,0,0,0,1,2,2,0,0,,0,0,0,0,0,0,23,0,0,0,,,0,0,,189
2021-W11,0,0,0,1,0,0,8,,0,,0,129,0,0,0,0,0,,0,0,0,0,0,0,1,0,0,0,0,,0,0,0,0,0,0,32,0,0,0,,,0,0,,171
2021-W12,0,1,0,1,0,0,15,,0,,0,120,0,0,0,0,0,,0,0,0,1,0,0,0,0,2,1,0,,0,0,0,0,0,0,21,0,0,0,,,0,0,,162
2021-W13,0,0,0,0,0,0,7,,0,,0,113,0,0,0,0,0,,0,0,0,1,0,0,0,0,1,0,0,,0,0,0,0,0,0,22,0,0,0,,,0,0,,144
2021-W14,1,0,0,1,0,0,16,,0,,0,102,0,0,0,0,0,,0,0,0,0,0,0,0,0,4,0,0,,0,0,0,1,0,0,25,0,0,0,,,0,0,,150
2021-W15,0,0,0,0,0,0,12,,0,,0,112,0,0,0,0,0,,0,0,0,1,0,0,4,0,2,0,0,,1,0,0,0,0,0,20,0,0,0,,,0,0,,152
2021-W16,0,2,0,0,0,0,10,,0,,0,128,1,0,0,0,0,,0,0,0,1,0,0,2,0,4,0,0,,1,0,0,0,0,0,29,0,0,0,,,0,0,,178
2021-W17,0,0,1,2,0,0,13,,0,,0,84,0,0,0,0,0,,0,0,0,0,0,0,1,0,5,0,0,,0,0,0,0,0,0,29,0,0,0,,,0,0,,135
2021-W18,1,0,0,0,0,0,17,,0,,0,117,0,0,0,0,0,,0,0,1,1,0,0,3,0,7,0,0,,0,0,0,0,0,0,23,0,0,0,,,0,0,,170
2021-W19,0,1,0,3,0,0,8,,0,,0,92,0,0,0,0,0,,0,0,0,0,0,0,1,0,6,0,0,,0,0,0,3,0,0,24,0,0,0,,,0,0,,138
2021-W20,0,0,1,1,0,0,13,,0,,0,116,3,0,0,0,0,,0,0,1,1,0,0,1,0,6,0,0,,0,0,0,0,0,0,17,0,0,0,,,0,0,,160
2021-W21,0,1,1,0,0,0,12,,0,,0,130,0,0,0,0,0,,0,0,0,0,0,0,1,0,3,0,0,,0,0,0,0,0,0,16,0,0,0,,,0,0,,164
2021-W22,0,2,0,0,0,0,11,,0,,0,118,0,0,0,0,0,,0,0,0,1,0,0,1,0,3,0,0,,0,0,0,0,0,0,30,0,0,1,,,0,0,,167
2021-W23,0,0,0,1,0,0,16,,0,,0,137,0,0,0,0,0,,0,0,0,0,0,0,1,0,2,1,0,,0,0,0,0,0,0,28,0,0,0,,,0,0,,186
2021-W24,0,0,0,1,0,0,9,,0,,0,135,0,0,0,0,0,,0,0,0,2,1,0,0,0,4,0,0,,0,0,0,0,0,0,17,0,0,0,,,0,0,,169
2021-W25,0,0,0,0,0,0,7,,0,,0,126,1,0,0,0,0,,0,0,0,0,0,0,0,0,4,0,0,,0,0,0,0,0,0,26,0,0,0,,,0,0,,164
2021-W26,1,1,0,2,0,0,15,,0,,0,112,0,0,0,0,0,,0,0,0,0,0,0,0,0,2,0,0,,0,0,0,0,0,0,25,0,0,0,,,0,0,,158
2021-W27,0,0,0,0,0,0,20,,0,,0,104,0,0,0,0,0,,0,0,1,0,1,0,1,0,2,0,0,,0,0,0,1,0,0,26,0,0,1,,,0,0,,157
2021-W28,0,1,1,1,0,0,17,,0,,0,75,0,0,0,0,0,,0,0,1,3,0,0,1,0,5,0,0,,0,0,0,0,0,0,12,0,0,3,,,0,0,,120
2021-W29,0,1,0,2,0,0,12,,0,,0,80,0,0,0,0,0,,0,0,0,0,0,0,1,0,5,1,0,,0,0,0,0,0,0,19,0,0,0,,,0,0,,121
2021-W30,0,0,0,2,0,0,21,,0,,0,82,0,0,0,0,0,,0,0,2,0,0,0,3,0,6,0,0,,0,0,0,0,0,0,23,0,0,2,,,0,0,,141
2021-W31,0,0,0,1,0,0,11,,0,,0,70,0,0,0,0,0,,0,0,0,1,0,0,1,0,0,0,0,,0,0,0,1,0,0,29,0,0,0,,,0,0,,114
2021-W32,0,0,0,0,0,0,9,,0,,0,81,0,0,0,0,0,,0,0,1,1,0,0,0,0,3,0,0,,0,0,0,0,0,0,29,0,0,1,,,0,0,,125
2021-W33,1,0,0,1,0,0,17,,0,,0,56,0,0,0,0,0,,0,0,2,0,0,0,0,0,3,0,0,,0,0,0,0,0,0,30,0,0,0,,,0,0,,110
2021-W34,0,0,1,1,0,0,7,,0,,0,53,0,0,0,0,0,,0,0,0,1,0,0,0,0,2,0,0,,0,0,0,0,0,0,36,0,0,0,,,0,0,,101
2021-W35,0,0,0,1,0,0,19,,0,,0,46,0,0,0,0,0,,0,0,0,0,0,0,2,0,2,0,0,,0,0,0,1,0,0,27,0,0,0,,,0,0,,98
2021-W36,1,0,0,2,0,0,18,,0,,0,60,1,0,0,0,0,,0,0,0,0,0,0,4,0,4,0,0,,0,0,0,1,0,0,35,0,0,2,,,0,0,,128
2021-W37,0,0,0,0,0,0,17,,0,,0,74,0,0,0,0,0,,0,0,0,0,0,0,0,0,7,1,0,,0,0,0,2,0,0,19,0,0,0,,,0,0,,120
2021-W38,1,0,1,0,0,0,9,,0,,0,109,1,0,0,0,0,,0,0,0,1,0,0,0,0,8,0,0,,0,0,0,1,0,0,28,0,0,0,,,0,0,,159
2021-W39,1,0,0,1,0,0,15,,0,,0,105,0,0,0,0,0,,0,0,0,0,0,0,2,0,3,1,0,,0,0,0,2,0,0,11,0,0,2,,,0,0,,143
2021-W40,0,1,0,1,0,0,12,,0,,0,104,0,0,0,0,0,,0,0,0,1,0,0,0,0,2,0,0,,0,0,0,2,0,0,18,0,0,0,,,0,0,,141
2021-W41,1,0,0,2,0,0,12,,0,,0,85,0,0,0,0,0,,0,0,0,0,0,0,1,0,3,0,0,,0,0,0,1,0,0,22,0,0,0,,,0,0,,127
2021-W42,0,0,0,1,0,0,10,,0,,0,76,0,0,0,0,0,,0,0,0,1,0,0,0,0,6,0,0,,0,0,0,1,0,0,23,0,0,0,,,0,0,,118
2021-W43,1,0,1,0,0,0,11,,0,,0,75,0,0,0,0,0,,0,0,0,1,0,0,0,0,3,0,0,,0,0,0,1,0,0,19,0,0,0,,,0,0,,112
2021-W44,1,0,0,0,0,0,3,,0,,0,59,0,0,0,0,0,,0,0,0,1,0,0,1,0,3,1,0,,0,0,0,3,0,0,23,0,0,0,,,0,0,,95
2021-W45,0,0,0,0,0,0,10,,0,,0,42,0,0,0,0,0,,0,0,1,1,0,0,1,0,3,0,0,,0,0,0,0,0,0,13,0,0,0,,,0,0,,71
2021-W46,0,1,1,0,0,0,15,,0,,2,56,0,0,0,0,0,,0,0,0,0,0,0,2,0,5,0,0,,0,0,0,0,0,0,18,0,0,2,,,0,0,,102
2021-W47,0,0,1,0,0,0,14,,0,,0,63,0,0,0,0,0,,0,0,0,1,0,0,2,0,4,0,0,,0,0,0,2,0,0,13,0,0,0,,,0,0,,100
2021-W48,0,0,0,0,0,0,10,,0,,0,48,0,0,0,0,0,,0,0,0,0,0,0,0,0,3,0,0,,0,0,0,1,0,0,13,0,0,0,,,0,0,,75
2021-W49,1,0,0,0,0,0,14,,0,,1,64,1,0,0,0,0,,0,0,0,0,0,0,0,0,1,0,0,,0,0,0,2,0,0,13,0,0,0,,,0,0,,97
2021-W50,2,0,0,1,0,1,14,,0,,0,61,0,0,0,0,0,,0,0,0,1,0,0,1,0,2,0,0,,0,0,0,0,0,0,18,0,0,1,,,0,0,,102
2021-W51,0,0,0,1,0,0,17,,0,,0,68,0,0,0,0,0,,0,0,2,0,0,0,0,0,4,0,0,,1,0,0,0,0,0,21,0,0,0,,,0,0,,114
2021-W52,1,1,4,0,0,0,11,,0,,0,76,0,0,0,0,0,,0,0,0,1,0,0,1,0,2,1,0,,0,0,0,0,0,0,11,0,0,0,,,0,0,,109
